Name,Food_Body
Acanthognathus brevicornis,0
Acanthognathus ocellatus,0
Acanthognathus rudis,0
Acanthognathus teledectus,0
Acanthomyrmex ferox,0
Acanthomyrmex glabfemoralis,0
Acanthomyrmex humilis,0
Acanthomyrmex luciolae,0
Acanthomyrmex thailandensis,0
Acanthoponera mucronata,0
Acanthostichus brevicornis,0
Acanthostichus fuscipennis,0
Acanthostichus longinodis,0
Acanthostichus quadratus,0
Acanthostichus serratulus,0
Acromyrmex ambiguus,0
Acromyrmex ameliae,0
Acromyrmex aspersus,0
Acromyrmex balzani,0
Acromyrmex coronatus,0
Acromyrmex crassispinus,0
Acromyrmex disciger,0
Acromyrmex echinatior,0
Acromyrmex heyeri,0
Acromyrmex hispidus,0
Acromyrmex hystrix,0
Acromyrmex insinuator,0
Acromyrmex landolti,0
Acromyrmex laticeps,0
Acromyrmex lobicornis,0
Acromyrmex lundii,0
Acromyrmex niger,0
Acromyrmex nobilis,0
Acromyrmex octospinosus,0
Acromyrmex rugosus,0
Acromyrmex striatus,0
Acromyrmex subterraneus,0
Acromyrmex versicolor,0
Acromyrmex volcanus,0
Acropyga acutiventris,0
Acropyga arnoldi,0
Acropyga ayanganna,0
Acropyga bakwele,0
Acropyga decedens,0
Acropyga epedana,0
Acropyga exsanguis,0
Acropyga fuhrmanni,0
Acropyga goeldii,0
Acropyga gowdeyi,0
Acropyga kinomurai,0
Acropyga myops,0
Acropyga nipponensis,0
Acropyga paleartica,0
Acropyga sauteri,0
Adelomyrmex betoi,0
Adelomyrmex brenesi,0
Adelomyrmex laevigatus,0
Adelomyrmex myops,0
Adelomyrmex tristani,0
Adetomyrma venatrix,0
Adlerzia froggatti,0
Aenictogiton fossiceps,0
Aenictus appressipilosus,0
Aenictus arabicus,0
Aenictus aratus,0
Aenictus asantei,0
Aenictus baliensis,0
Aenictus binghami,0
Aenictus bobaiensis,0
Aenictus brevipodus,0
Aenictus camposi,0
Aenictus ceylonicus,0
Aenictus changmaianus,0
Aenictus concavus,0
Aenictus congolensis,0
Aenictus currax,0
Aenictus cylindripetiolus,0
Aenictus decolor,0
Aenictus dentatus,0
Aenictus dlusskyi,0
Aenictus doryloides,0
Aenictus eguchii,0
Aenictus eugenii,0
Aenictus fergusoni,0
Aenictus fuchuanensis,0
Aenictus glabratus,0
Aenictus gonioccipus,0
Aenictus gracilis,0
Aenictus gutianshanensis,0
Aenictus hodgsoni,0
Aenictus hottai,0
Aenictus idoneus,0
Aenictus indicus,0
Aenictus itoi,0
Aenictus javanus,0
Aenictus jawadwipa,0
Aenictus khaoyaiensis,0
Aenictus kutai,0
Aenictus laeviceps,0
Aenictus latifemoratus,0
Aenictus lifuiae,0
Aenictus longicephalus,0
Aenictus maneerati,0
Aenictus minipetiolus,0
Aenictus minutulus,0
Aenictus pachycerus,0
Aenictus pangantihoni,0
Aenictus paradentatus,0
Aenictus philippinensis,0
Aenictus piercei,0
Aenictus pilosus,0
Aenictus pinkaewi,0
Aenictus rabori,0
Aenictus rhodiensis,0
Aenictus rixator,0
Aenictus rotundatus,0
Aenictus silvestrii,0
Aenictus stenocephalus,0
Aenictus sulawesiensis,0
Aenictus sundalandensis,0
Aenictus thailandianus,0
Aenictus turneri,0
Aenictus vieti,0
Aenictus watanasiti,0
Aenictus wilaiae,0
Aenictus wilsoni,0
Aenictus wiwatwitayai,0
Aenictus wroughtonii,0
Aenictus wudangshanensis,0
Aenictus yamanei,0
Aenictus yangi,0
Agraulomyrmex meridionalis,0
Agraulomyrmex wilsoni,0
Allomerus brevipilosus,0
Allomerus decemarticulatus,0
Allomerus octoarticulatus,0
Amblyopone australis,0
Aneuretus simoni,0
Anillidris bruchi,0
Anillomyrma decamera,0
Anillomyrma tridens,0
Anochetus armstrongi,0
Anochetus bispinosus,0
Anochetus brevis,0
Anochetus bytinskii,0
Anochetus cryptus,0
Anochetus evansi,0
Anochetus faurei,0
Anochetus ghilianii,0
Anochetus graeffei,0
Anochetus grandidieri,0
Anochetus hohenbergiae,0
Anochetus horridus,0
Anochetus incultus,0
Anochetus isolatus,0
Anochetus kempfi,0
Anochetus leyticus,0
Anochetus maryatiae,0
Anochetus mayri,0
Anochetus micans,0
Anochetus miserabilis,0
Anochetus modicus,0
Anochetus oriens,0
Anochetus pangantihoni,0
Anochetus princeps,0
Anochetus rectangularis,0
Anochetus risii,0
Anochetus ruginotus,0
Anochetus schoedli,0
Anochetus sedilloti,0
Anochetus subcoecus,0
Anochetus taiwaniensis,0
Anochetus tua,0
Anochetus turneri,0
Anochetus validus,0
Anochetus werneri,0
Anomalomyrma boltoni,0
Anomalomyrma helenae,0
Anomalomyrma taylori,0
Anonychomyrma gilberti,0
Anonychomyrma itinerans,0
Anonychomyrma procidua,0
Anonychomyrma scrutator,0
Anoplolepis braunsi,0
Anoplolepis custodiens,0
Anoplolepis gracilipes,0
Anoplolepis longipes,0
Anoplolepis steingroeveri,0
Anoplolepis tenella,0
Aphaenogaster aktaci,0
Aphaenogaster albisetosa,0
Aphaenogaster araneoides,0
Aphaenogaster atlantis,0
Aphaenogaster balcanica,0
Aphaenogaster barbara,0
Aphaenogaster barbigula,0
Aphaenogaster baronii,0
Aphaenogaster beccarii,0
Aphaenogaster beesoni,0
Aphaenogaster boulderensis,0
Aphaenogaster cardenai,0
Aphaenogaster carolinensis,0
Aphaenogaster cecconii,0
Aphaenogaster cockerelli,0
Aphaenogaster crocea,0
Aphaenogaster dlusskyi,0
Aphaenogaster edentula,0
Aphaenogaster ensifera,0
Aphaenogaster epirotes,0
Aphaenogaster famelica,0
Aphaenogaster flemingi,0
Aphaenogaster floridana,0
Aphaenogaster fulva,0
Aphaenogaster gemella,0
Aphaenogaster gibbosa,0
Aphaenogaster holtzi,0
Aphaenogaster huachucana,0
Aphaenogaster iberica,0
Aphaenogaster incurviclypea,0
Aphaenogaster inermis,0
Aphaenogaster ionia,0
Aphaenogaster iranica,0
Aphaenogaster januschevi,0
Aphaenogaster japonica,0
Aphaenogaster koniari,0
Aphaenogaster lamellidens,0
Aphaenogaster longiceps,0
Aphaenogaster mariae,0
Aphaenogaster megommata,0
Aphaenogaster mexicana,0
Aphaenogaster miamiana,0
Aphaenogaster muelleriana,0
Aphaenogaster nadigi,0
Aphaenogaster obsidiana,0
Aphaenogaster occidentalis,0
Aphaenogaster ovaticeps,0
Aphaenogaster pallida,0
Aphaenogaster phalangium,0
Aphaenogaster phillipsi,0
Aphaenogaster picea,0
Aphaenogaster picena,0
Aphaenogaster praedo,0
Aphaenogaster pumilopuncta,0
Aphaenogaster punctaticeps,0
Aphaenogaster pythia,0
Aphaenogaster rothneyi,0
Aphaenogaster rudis,1
Aphaenogaster schmidti,0
Aphaenogaster semipolita,0
Aphaenogaster senilis,0
Aphaenogaster simonellii,0
Aphaenogaster spinosa,0
Aphaenogaster splendida,0
Aphaenogaster striativentris,0
Aphaenogaster subcostata,0
Aphaenogaster subexaperata,0
Aphaenogaster subterranea,0
Aphaenogaster subterraneoides,0
Aphaenogaster swammerdami,0
Aphaenogaster tennesseensis,0
Aphaenogaster testaceopilosa,0
Aphaenogaster texana,0
Aphaenogaster treatae,0
Aphaenogaster wilsoni,0
Aphomomyrmex afer,0
Apomyrma stygia,0
Apterostigma calverti,0
Apterostigma collare,0
Apterostigma dentigerum,0
Apterostigma goniodes,0
Apterostigma madidiense,0
Apterostigma mayri,0
Apterostigma megacephala,0
Apterostigma mexicanum,0
Apterostigma pilosum,0
Apterostigma steigeri,0
Apterostigma urichii,0
Aptinoma antongil,0
Aptinoma mangabe,0
Asphinctopone pilosa,0
Atopomyrmex mocquerysi,0
Atta bisphaerica,0
Atta capiguara,0
Atta cephalotes,0
Atta colombica,0
Atta cubana,0
Atta fervens,0
Atta insularis,0
Atta laevigata,0
Atta mexicana,0
Atta opaciceps,0
Atta robusta,0
Atta sexdens,0
Atta tardigrada,0
Atta texana,0
Atta vollenweideri,0
Austromorium flavigaster,0
Austromorium hetericki,0
Azteca alfari,1
Azteca andreae,1
Azteca aurita,0
Azteca australis,1
Azteca barbifex,0
Azteca beltii,0
Azteca bequaerti,0
Azteca brevicornis,0
Azteca brevis,0
Azteca chartifex,0
Azteca constructor,0
Azteca cordincola,0
Azteca delpini,0
Azteca diabolica,0
Azteca fasciata,0
Azteca instabilis,0
Azteca isthmica,1
Azteca juruensis,0
Azteca laurae,0
Azteca linamariae,0
Azteca longiceps,0
Azteca muelleri,0
Azteca nigricans,0
Azteca oecocordia,0
Azteca ovaticeps,1
Azteca pittieri,0
Azteca salti,0
Azteca sapii,0
Azteca schimperi,0
Azteca sericeasur,0
Azteca snellingi,0
Azteca trigona,0
Azteca ulei,0
Azteca velox,0
Azteca xanthochroa,0
Bannapone mulanae,0
Baracidris meketra,0
Basiceros manni,0
Blepharidatta brasiliensis,0
Blepharidatta conops,0
Bothriomyrmex anastasiae,0
Bothriomyrmex atlantis,0
Bothriomyrmex communistus,0
Bothriomyrmex corsicus,0
Bothriomyrmex decapitans,0
Bothriomyrmex kusnezovi,0
Bothriomyrmex meridionalis,0
Bothriomyrmex paradoxus,0
Bothriomyrmex saundersi,0
Bothriomyrmex syrius,0
Bothroponera pumicosa,0
Bothroponera rubiginosa,0
Bothroponera soror,0
Bothroponera umgodikulula,0
Brachymyrmex admotus,0
Brachymyrmex brevicornis,0
Brachymyrmex bruchi,0
Brachymyrmex cavernicola,0
Brachymyrmex cordemoyi,0
Brachymyrmex depilis,0
Brachymyrmex heeri,0
Brachymyrmex incisus,0
Brachymyrmex minutus,0
Brachymyrmex musculus,0
Brachymyrmex nebulosus,0
Brachymyrmex obscurior,0
Brachymyrmex patagonicus,0
Brachymyrmex pictus,0
Brachymyrmex santschii,0
Brachyponera brevidorsa,0
Brachyponera chinensis,0
Brachyponera lutea,0
Brachyponera luteipes,0
Brachyponera obscurans,0
Brachyponera sennaarensis,0
Buniapone amblyops,0
Calomyrmex purpureus,0
Calyptomyrmex beccarii,0
Calyptomyrmex friederikae,0
Calyptomyrmex rectopilosus,0
Calyptomyrmex singalensis,0
Calyptomyrmex vedda,0
Camponotus acvapimensis,0
Camponotus aegaeus,0
Camponotus aegyptiacus,0
Camponotus aethiops,0
Camponotus ager,0
Camponotus albivillosus,0
Camponotus alboannulatus,0
Camponotus alii,0
Camponotus amaurus,0
Camponotus americanus,0
Camponotus anderseni,0
Camponotus annetteae,0
Camponotus anthrax,0
Camponotus apicalis,0
Camponotus arenatus,0
Camponotus aruensis,0
Camponotus ashokai,0
Camponotus asli,0
Camponotus atlantis,0
Camponotus atriceps,0
Camponotus atricolor,0
Camponotus auriventris,0
Camponotus aurocinctus,0
Camponotus aurofasciatus,0
Camponotus badius,0
Camponotus baldaccii,0
Camponotus balzani,0
Camponotus barbaricus,0
Camponotus barbatus,0
Camponotus baronii,0
Camponotus baynei,0
Camponotus biolleyi,0
Camponotus blandus,0
Camponotus boghossiani,0
Camponotus brasiliensis,0
Camponotus breviscapus,0
Camponotus brutus,0
Camponotus buddhae,0
Camponotus bugnioni,0
Camponotus camelinus,0
Camponotus cameroni,0
Camponotus candiotes,0
Camponotus carbonarius,0
Camponotus caryae,0
Camponotus castaneus,0
Camponotus ceriseipes,0
Camponotus chilensis,0
Camponotus chloroticus,0
Camponotus chromaiodes,0
Camponotus chrysurus,0
Camponotus cinctellus,0
Camponotus cingulatus,0
Camponotus clarithorax,0
Camponotus clypeatus,0
Camponotus compressiscapus,0
Camponotus compressus,0
Camponotus congolensis,0
Camponotus conicus,0
Camponotus consobrinus,0
Camponotus conspicuus,0
Camponotus convexiclypeus,0
Camponotus crassus,0
Camponotus cristatus,0
Camponotus crozieri,0
Camponotus cruentatus,0
Camponotus curviscapus,0
Camponotus dalmaticus,0
Camponotus decipiens,0
Camponotus dentatus,0
Camponotus depressus,0
Camponotus detritus,0
Camponotus devestivus,0
Camponotus distinguendus,0
Camponotus dolabratus,0
Camponotus dolendus,0
Camponotus donnellani,0
Camponotus dorycus,0
Camponotus dromas,0
Camponotus eperiamorum,0
Camponotus ephippium,0
Camponotus esuriens,0
Camponotus fabricator,0
Camponotus fallax,0
Camponotus fastigatus,0
Camponotus fellah,0
Camponotus femoratus,0
Camponotus festinatus,0
Camponotus festinus,0
Camponotus fijianus,0
Camponotus floridanus,0
Camponotus foleyi,0
Camponotus foraminosus,0
Camponotus foreli,0
Camponotus fragilis,0
Camponotus friedae,0
Camponotus fulvopilosus,0
Camponotus fuscocinctus,0
Camponotus gallagheri,0
Camponotus gasseri,0
Camponotus gestroi,0
Camponotus gigas,0
Camponotus gilviventris,0
Camponotus goeldii,0
Camponotus gombaki,0
Camponotus gouldi,0
Camponotus gouldianus,0
Camponotus grandidieri,0
Camponotus guanchus,0
Camponotus hannani,0
Camponotus haroi,0
Camponotus hartogi,0
Camponotus hellmichi,0
Camponotus herculeanus,0
Camponotus herrichi,0
Camponotus hoelldobleri,0
Camponotus holosericeus,0
Camponotus honaziensis,0
Camponotus horseshoetus,0
Camponotus hospes,0
Camponotus hova,0
Camponotus humerus,0
Camponotus husseini,0
Camponotus hyatti,0
Camponotus incensus,0
Camponotus indefessa,0
Camponotus inflatus,0
Camponotus integellus,0
Camponotus interjectus,0
Camponotus intrepidus,0
Camponotus invidus,0
Camponotus irritans,0
Camponotus itoi,0
Camponotus iwoensis,0
Camponotus janforrestae,0
Camponotus japonicus,0
Camponotus jejuensis,0
Camponotus kadi,0
Camponotus keralensis,0
Camponotus kiesenwetteri,0
Camponotus kiusiuensis,0
Camponotus kurdistanicus,0
Camponotus laevigatus,0
Camponotus lancifer,0
Camponotus lateralis,0
Camponotus leonardi,0
Camponotus ligniperda,0
Camponotus lignitus,0
Camponotus lindigi,0
Camponotus longipilis,0
Camponotus macarangae,0
Camponotus macilentus,0
Camponotus mackayensis,0
Camponotus macrocephalus,0
Camponotus macromischoides,0
Camponotus maculatus,0
Camponotus marianensis,0
Camponotus maritimus,0
Camponotus melanoticus,0
Camponotus melinus,0
Camponotus mellea,0
Camponotus merdicola,0
Camponotus merula,0
Camponotus micans,0
Camponotus mirabilis,0
Camponotus mitis,0
Camponotus modoc,0
Camponotus montivagus,0
Camponotus morosus,0
Camponotus mus,0
Camponotus mutilatus,0
Camponotus natalensis,0
Camponotus navigator,0
Camponotus nawai,0
Camponotus nearcticus,0
Camponotus nicobarensis,0
Camponotus nigriceps,0
Camponotus nigrifrons,0
Camponotus nipponensis,0
Camponotus nipponicus,0
Camponotus nitidior,0
Camponotus niveosetosus,0
Camponotus novaeboracensis,0
Camponotus novaehollandiae,0
Camponotus novogranadensis,0
Camponotus nutans,0
Camponotus nylanderi,0
Camponotus oasium,0
Camponotus obliquus,0
Camponotus oblongus,0
Camponotus obscuripes,0
Camponotus ocreatus,0
Camponotus ogasawarensis,0
Camponotus olivieri,0
Camponotus opaciventris,0
Camponotus owensae,0
Camponotus pallescens,0
Camponotus papago,0
Camponotus parabarbatus,0
Camponotus parius,0
Camponotus peleliuensis,0
Camponotus pellax,0
Camponotus pennsylvanicus,0
Camponotus perjurus,0
Camponotus personatus,0
Camponotus piceus,0
Camponotus pilicornis,0
Camponotus planatus,0
Camponotus planus,0
Camponotus polymorphicus,0
Camponotus pressipes,0
Camponotus prosseri,0
Camponotus punctulatus,0
Camponotus pylartes,0
Camponotus quadriceps,0
Camponotus quadrinotatus,0
Camponotus quadrisectus,0
Camponotus quercicola,0
Camponotus rapax,0
Camponotus rectangularis,0
Camponotus rectithorax,0
Camponotus renggeri,0
Camponotus reticulatus,0
Camponotus robustus,0
Camponotus ruber,0
Camponotus rubrithorax,0
Camponotus rufifemur,0
Camponotus rufifrons,0
Camponotus rufipes,0
Camponotus rufoglaucus,0
Camponotus rufonigrus,0
Camponotus samius,0
Camponotus sanctus,0
Camponotus sannini,0
Camponotus sansabeanus,0
Camponotus santosi,0
Camponotus saundersi,0
Camponotus saussurei,0
Camponotus saxatilis,0
Camponotus sayi,0
Camponotus schaefferi,0
Camponotus schmitzi,0
Camponotus semitestaceus,0
Camponotus senex,0
Camponotus sericeiventris,0
Camponotus sericeus,0
Camponotus setosus,0
Camponotus sexguttatus,0
Camponotus sicheli,0
Camponotus singularis,0
Camponotus sklarus,0
Camponotus socius,0
Camponotus solon,0
Camponotus spissinodis,0
Camponotus subbarbatus,0
Camponotus sylvaticus,0
Camponotus taniae,0
Camponotus terebrans,0
Camponotus tergestinus,0
Camponotus testaceipes,0
Camponotus texens,0
Camponotus textor,0
Camponotus thoracicus,0
Camponotus tokyoensis,0
Camponotus tonkinus,0
Camponotus tortuganus,0
Camponotus transvaalensis,0
Camponotus truncatus,0
Camponotus universitatis,0
Camponotus vagus,0
Camponotus vanispinus,0
Camponotus variegatus,0
Camponotus vicinus,0
Camponotus vitiensis,0
Camponotus vitiosus,0
Camponotus vittatus,0
Camponotus vividus,0
Camponotus wiederkehri,0
Camponotus xerxes,0
Camponotus xingdoushanensis,0
Camponotus yamaokai,0
Camponotus yessensis,0
Camponotus zoc,0
Cardiocondyla atalanta,0
Cardiocondyla batesii,0
Cardiocondyla elegans,0
Cardiocondyla emeryi,0
Cardiocondyla gallagheri,0
Cardiocondyla gibbosa,0
Cardiocondyla kagutsuchi,0
Cardiocondyla koshewnikovi,0
Cardiocondyla mauritanica,0
Cardiocondyla minutior,0
Cardiocondyla nigra,0
Cardiocondyla nigrocerea,0
Cardiocondyla nuda,0
Cardiocondyla obscurior,0
Cardiocondyla paradoxa,0
Cardiocondyla parvinoda,0
Cardiocondyla pirata,0
Cardiocondyla shuckardi,0
Cardiocondyla tiwarii,0
Cardiocondyla venustula,0
Cardiocondyla wroughtonii,0
Cardiocondyla yemeni,0
Carebara alperti,0
Carebara arabara,0
Carebara arabica,0
Carebara carinata,0
Carebara castanea,0
Carebara coeca,0
Carebara concinna,0
Carebara coqueta,0
Carebara distincta,0
Carebara escherichi,0
Carebara guineana,0
Carebara infima,0
Carebara junodi,0
Carebara lignata,0
Carebara octata,0
Carebara perpusilla,0
Carebara pisinna,0
Carebara polita,0
Carebara rara,0
Carebara reina,0
Carebara robertsoni,0
Carebara sangi,0
Carebara sarita,0
Carebara sicheli,0
Carebara striata,0
Carebara sudanensis,0
Carebara tahitiensis,0
Carebara termitolestes,0
Carebara vidua,0
Carebara villiersi,0
Carebara yamatonis,0
Cataglyphis acutinodis,0
Cataglyphis aenescens,0
Cataglyphis agostii,0
Cataglyphis albicans,0
Cataglyphis bicolor,0
Cataglyphis bombycina,0
Cataglyphis cugiai,0
Cataglyphis cursor,0
Cataglyphis desertorum,0
Cataglyphis douwesi,0
Cataglyphis emmae,0
Cataglyphis flavitibia,0
Cataglyphis floricola,0
Cataglyphis fortis,0
Cataglyphis glabilabia,0
Cataglyphis hannae,0
Cataglyphis harteni,0
Cataglyphis hispidus,0
Cataglyphis holgerseni,0
Cataglyphis humeya,0
Cataglyphis iberica,0
Cataglyphis isis,0
Cataglyphis karakalensis,0
Cataglyphis laylae,0
Cataglyphis livida,0
Cataglyphis lunatica,0
Cataglyphis machmal,0
Cataglyphis mauritanica,0
Cataglyphis nigripes,0
Cataglyphis nodus,0
Cataglyphis oasium,0
Cataglyphis opacior,0
Cataglyphis oxiana,0
Cataglyphis rosenhaueri,0
Cataglyphis sabulosa,0
Cataglyphis savignyi,0
Cataglyphis setipes,0
Cataglyphis shuaibensis,0
Cataglyphis velox,0
Cataglyphis viatica,0
Cataglyphis viaticoides,0
Cataglyphis zakharovi,0
Cataglyphoides constrictus,0
Cataulacus erinaceus,0
Cataulacus guineensis,0
Cataulacus intrudens,0
Cataulacus mckeyi,0
Cataulacus muticus,0
Cataulacus setosus,0
Cataulacus tardus,0
Centromyrmex alfaroi,0
Centromyrmex bequaerti,0
Centromyrmex feae,0
Cephalotes alfaroi,0
Cephalotes atratus,0
Cephalotes basalis,0
Cephalotes clypeatus,0
Cephalotes cristatus,0
Cephalotes depressus,0
Cephalotes goniodontus,0
Cephalotes insularis,0
Cephalotes minutus,0
Cephalotes multispinosus,0
Cephalotes pusillus,0
Cephalotes rohweri,0
Cephalotes setulifer,0
Cephalotes specularis,0
Cephalotes spinosus,0
Cephalotes squamosus,0
Cephalotes umbraculatus,0
Cephalotes varians,0
Cerapachys aitkenii,0
Cerapachys alii,0
Cerapachys anokha,0
Cerapachys besucheti,0
Cerapachys biroi,0
Cerapachys browni,0
Cerapachys collingwoodi,0
Cerapachys costatus,0
Cerapachys doryloides,0
Cerapachys foreli,0
Cerapachys fossulatus,0
Cerapachys fragosus,0
Cerapachys huode,0
Cerapachys indicus,0
Cerapachys jacobsoni,0
Cerapachys keralensis,0
Cerapachys lamborni,0
Cerapachys longitarsus,0
Cerapachys nayana,0
Cerapachys peringueyi,0
Cerapachys piochardi,0
Cerapachys schoedli,0
Cerapachys seema,0
Cerapachys sexspinus,0
Cerapachys sulcinodis,0
Cerapachys turneri,0
Cerapachys typhlus,0
Cerapachys wighti,0
Chalepoxenus spinosus,0
Cheliomyrmex andicola,0
Cheliomyrmex megalonyx,0
Cheliomyrmex morosus,0
Chronoxenus myops,0
Cladomyrma andrei,0
Cladomyrma hewitti,0
Cladomyrma petalae,0
Cladomyrma scopulosa,0
Cladomyrma sirindhornae,0
Crematogaster abstinens,0
Crematogaster acuta,0
Crematogaster aegyptiaca,0
Crematogaster africana,0
Crematogaster alafara,0
Crematogaster algirica,0
Crematogaster ampla,0
Crematogaster angusticeps,0
Crematogaster antaris,0
Crematogaster anthracina,0
Crematogaster ashmeadi,0
Crematogaster atkinsoni,0
Crematogaster auberti,0
Crematogaster bequaerti,0
Crematogaster biroi,0
Crematogaster borneensis,1
Crematogaster brasiliensis,0
Crematogaster brevis,0
Crematogaster brunnea,0
Crematogaster buchneri,0
Crematogaster californica,0
Crematogaster carinata,0
Crematogaster castanea,0
Crematogaster cephalotes,0
Crematogaster cerasi,0
Crematogaster chiarinii,0
Crematogaster clara,0
Crematogaster clariventris,0
Crematogaster coriaria,0
Crematogaster crinosa,0
Crematogaster curvispinosa,0
Crematogaster degeeri,0
Crematogaster depilis,0
Crematogaster depressa,0
Crematogaster dewasi,0
Crematogaster difformis,0
Crematogaster distans,0
Crematogaster dohrni,0
Crematogaster egidyi,0
Crematogaster erecta,0
Crematogaster evallans,0
Crematogaster excisa,0
Crematogaster ferrarii,0
Crematogaster flava,0
Crematogaster formosa,0
Crematogaster fraxatrix,0
Crematogaster gabonensis,0
Crematogaster gerstaeckeri,0
Crematogaster gordani,0
Crematogaster grevei,0
Crematogaster hova,0
Crematogaster impressa,0
Crematogaster impressiceps,0
Crematogaster inermis,0
Crematogaster inflata,0
Crematogaster ionia,0
Crematogaster irritabilis,0
Crematogaster jacobsoni,0
Crematogaster jehovae,0
Crematogaster kirbii,0
Crematogaster laestrygon,0
Crematogaster laevis,0
Crematogaster laeviuscula,0
Crematogaster larreae,0
Crematogaster levior,0
Crematogaster liengmei,0
Crematogaster limata,0
Crematogaster lineolata,0
Crematogaster longicephala,0
Crematogaster longiceps,0
Crematogaster longispina,0
Crematogaster lorteti,0
Crematogaster lucayana,0
Crematogaster macaoensis,0
Crematogaster madecassa,0
Crematogaster mahery,0
Crematogaster matsumurai,0
Crematogaster melanogaster,0
Crematogaster menilekii,0
Crematogaster mimosae,0
Crematogaster minutissima,0
Crematogaster modiglianii,0
Crematogaster mormonum,0
Crematogaster nigriceps,0
Crematogaster nigropilosa,0
Crematogaster obscurata,0
Crematogaster opaca,0
Crematogaster opuntiae,0
Crematogaster osakensis,0
Crematogaster painei,0
Crematogaster paradoxa,0
Crematogaster peringueyi,0
Crematogaster pilosa,0
Crematogaster pinicola,0
Crematogaster polita,0
Crematogaster politula,0
Crematogaster pradipi,0
Crematogaster pygmaea,0
Crematogaster quadriformis,0
Crematogaster ranavalonae,0
Crematogaster ransonneti,0
Crematogaster reticulata,0
Crematogaster rochai,0
Crematogaster rogenhoferi,0
Crematogaster rothneyi,0
Crematogaster rudis,0
Crematogaster sanguinea,0
Crematogaster schimmeri,0
Crematogaster schmidti,0
Crematogaster scutellaris,0
Crematogaster sericea,0
Crematogaster sewardi,0
Crematogaster sordidula,0
Crematogaster sotobosque,0
Crematogaster stadelmanni,0
Crematogaster steinheili,0
Crematogaster stollii,0
Crematogaster striatula,0
Crematogaster subdentata,0
Crematogaster subnuda,0
Crematogaster tenuicula,0
Crematogaster teranishii,0
Crematogaster torosa,0
Crematogaster treubi,0
Crematogaster tricolor,0
Crematogaster vagula,0
Crematogaster vermiculata,0
Crematogaster vicina,0
Crematogaster victima,0
Crematogaster walshi,0
Crematogaster wellmani,0
Crematogaster zoceensis,0
Cryptopone arabica,0
Cryptopone gilva,0
Cryptopone ochracea,0
Cryptopone pseudogigas,0
Cryptopone recticlypea,0
Cryptopone sauteri,0
Cryptopone subterranea,0
Cryptopone tengu,0
Cryptopone testacea,0
Ctenobethylus goepperti,0
Cyatta abscondita,0
Cylindromyrmex longiceps,0
Cylindromyrmex whymperi,0
Cyphomyrmex andersoni,0
Cyphomyrmex bicornis,0
Cyphomyrmex cornutus,0
Cyphomyrmex costatus,0
Cyphomyrmex faunulus,0
Cyphomyrmex foxi,0
Cyphomyrmex longiscapus,0
Cyphomyrmex major,0
Cyphomyrmex minutus,0
Cyphomyrmex muelleri,0
Cyphomyrmex nemei,0
Cyphomyrmex rimosus,0
Cyphomyrmex salvini,0
Cyphomyrmex snellingi,0
Cyphomyrmex transversus,0
Cyphomyrmex wheeleri,0
Dacatria templaris,0
Daceton armigerum,0
Daceton boltoni,0
Decamorium decem,0
Decamorium uelense,0
Diacamma australe,0
Diacamma ceylonense,0
Diacamma colosseense,0
Diacamma cyaneiventre,0
Diacamma indicum,0
Diacamma intricatum,0
Diacamma pallidum,0
Diacamma rugosum,1
Diacamma scalpratum,0
Diacamma vagans,0
Diaphoromyrma sofiae,0
Dicroaspis cryptocera,0
Dicroaspis laevidens,0
Dilobocondyla cataulacoidea,0
Dilobocondyla didita,0
Dilobocondyla eguchii,0
Dilobocondyla escherichi,0
Dilobocondyla fouqueti,0
Dilobocondyla gasteroreticulatus,0
Dinoponera australis,0
Dinoponera gigantea,0
Dinoponera grandis,0
Dinoponera hispida,0
Dinoponera longipes,0
Dinoponera lucida,0
Dinoponera quadriceps,0
Dinoponera snellingi,0
Discothyrea antarctica,0
Discothyrea berlita,0
Discothyrea bidens,0
Discothyrea bryanti,0
Discothyrea isthmica,0
Discothyrea kamiteta,0
Discothyrea mixta,0
Discothyrea oculata,0
Discothyrea remingtoni,0
Discothyrea sauteri,0
Discothyrea soesilae,0
Discothyrea sringerensis,0
Discothyrea testacea,0
Discothyrea velutina,0
Dlusskyidris zherichini,0
Doleromyrma darwiniana,0
Dolichoderus abruptus,0
Dolichoderus affinis,0
Dolichoderus bidens,0
Dolichoderus bispinosus,0
Dolichoderus bituberculata,0
Dolichoderus carbonarius,0
Dolichoderus cuspidatus,0
Dolichoderus debilis,0
Dolichoderus decollatus,0
Dolichoderus diversus,0
Dolichoderus flatidorsus,0
Dolichoderus furcifer,0
Dolichoderus gagates,0
Dolichoderus lugens,0
Dolichoderus lutosus,0
Dolichoderus mariae,0
Dolichoderus mazaruni,0
Dolichoderus patens,0
Dolichoderus pilosus,0
Dolichoderus plagiatus,0
Dolichoderus pustulatus,0
Dolichoderus quadridenticulatus,0
Dolichoderus quadripunctatus,0
Dolichoderus sagmanotus,0
Dolichoderus shattucki,0
Dolichoderus squamanodus,0
Dolichoderus sulcaticeps,0
Dolichoderus sundari,0
Dolichoderus taprobanae,0
Dolichoderus thoracicus,0
Dolichoderus tridentanodus,0
Dolichoderus tuberifer,0
Dolichoderus utriensis,0
Dolopomyrmex pilatus,0
Dorylus affinis,0
Dorylus brevipennis,0
Dorylus fulvus,0
Dorylus gribodoi,0
Dorylus helvolus,0
Dorylus kohli,0
Dorylus labiatus,0
Dorylus laevigatus,0
Dorylus mayri,0
Dorylus nigricans,0
Dorylus orientalis,0
Dorylus rufescens,0
Dorylus termitarius,0
Dorylus wilverthi,0
Dorymyrmex amazonicus,0
Dorymyrmex antarcticus,0
Dorymyrmex bicolor,0
Dorymyrmex biconis,0
Dorymyrmex breviscapis,0
Dorymyrmex brunneus,0
Dorymyrmex bureni,0
Dorymyrmex exsanguis,0
Dorymyrmex flavus,0
Dorymyrmex goetschi,0
Dorymyrmex insanus,0
Dorymyrmex pyramicus,0
Dorymyrmex reginicula,0
Dorymyrmex smithi,0
Dorymyrmex thoracicus,0
Dorymyrmex tuberosus,0
Dorymyrmex wolffhuegeli,0
Dorymyrmex xerophylus,0
Echinopla cherapunjiensis,0
Echinopla lineata,0
Echinopla melanarctos,0
Echinopla mistura,0
Echinopla pallipes,0
Echinopla turneri,0
Eciton burchellii,0
Eciton dulcium,0
Eciton hamatum,0
Eciton lucanoides,0
Eciton mexicanum,0
Eciton quadriglume,0
Eciton rapax,0
Eciton vagans,0
Ectatomma brunneum,0
Ectatomma edentatum,0
Ectatomma goninion,0
Ectatomma lugens,0
Ectatomma muticum,0
Ectatomma opaciventre,0
Ectatomma parasiticum,0
Ectatomma permagnum,0
Ectatomma planidens,0
Ectatomma quadridens,0
Ectatomma ruidum,0
Ectatomma suzanae,0
Ectatomma tuberculatum,0
Ectatomma vizottoi,0
Ectomomyrmex annamitus,0
Ectomomyrmex insulanus,0
Ectomomyrmex javanus,0
Ectomomyrmex leeuwenhoeki,0
Ectomomyrmex sauteri,0
Ectomomyrmex zhengi,0
Emeryopone melaina,0
Emeryopone narendrani,0
Eoformica expectans,0
Epopostruma inornata,0
Epopostruma monstrosa,0
Epopostruma quadrispinosa,0
Eulithomyrmex rugosus,0
Eulithomyrmex striatus,0
Euprenolepis antespectans,0
Euprenolepis procera,0
Euprenolepis wittei,0
Eurhopalothrix apharogonia,0
Eurhopalothrix bolaui,0
Eurhopalothrix cinnamea,0
Eurhopalothrix depressa,0
Eurhopalothrix dubia,0
Eurhopalothrix elke,0
Eurhopalothrix floridana,0
Eurhopalothrix heliscata,0
Eurhopalothrix hoplites,0
Eurhopalothrix procera,0
Eurhopalothrix schmidti,0
Eutetramorium mocquerysi,0
Forelius analis,0
Forelius andinus,0
Forelius breviscapus,0
Forelius chalybaeus,0
Forelius damiani,0
Forelius foetida,0
Forelius macrops,0
Forelius mccooki,0
Forelius nigriventris,0
Forelius pruinosus,0
Forelius pusillus,0
Forelophilus overbecki,0
Forelophilus philippinensis,0
Forelophilus stefanschoedli,0
Formica adamsi,0
Formica aerata,0
Formica altayensis,0
Formica altipetens,0
Formica anatolica,0
Formica aquilonia,0
Formica archboldi,0
Formica argentea,0
Formica aserva,0
Formica aseta,0
Formica biophilica,0
Formica bradleyi,0
Formica breviscapa,0
Formica bruni,0
Formica calviceps,0
Formica canadensis,0
Formica candida,0
Formica ciliata,0
Formica cinerea,0
Formica cinereofusca,0
Formica clara,0
Formica creightoni,0
Formica criniventris,0
Formica cunicularia,0
Formica curiosa,0
Formica dachaidanensis,0
Formica dakotensis,0
Formica decipiens,0
Formica delinghaensis,0
Formica densiventris,0
Formica difficilis,0
Formica dolosa,0
Formica dusmeti,0
Formica exsecta,0
Formica exsectoides,0
Formica fennica,0
Formica foreli,0
Formica forsslundi,0
Formica frontalis,0
Formica fukaii,0
Formica fusca,0
Formica fuscocinerea,0
Formica gagates,0
Formica gagatoides,0
Formica georgica,0
Formica gerardi,0
Formica glabridorsis,0
Formica glauca,0
Formica gnava,0
Formica gynocrates,0
Formica hayashi,0
Formica hewitti,0
Formica ignivora,0
Formica incerta,0
Formica integra,0
Formica integroides,0
Formica japonica,0
Formica laeviceps,0
Formica lasioides,0
Formica lemani,0
Formica limata,0
Formica liogaster,0
Formica liopthalma,0
Formica lugubris,0
Formica maculata,0
Formica malabarica,0
Formica manchu,0
Formica mesasiatica,0
Formica microgyna,0
Formica miniocca,0
Formica moki,0
Formica montana,0
Formica neoclara,0
Formica neogagates,0
Formica neorufibarbis,0
Formica obscuripes,0
Formica obscuriventris,0
Formica occulta,0
Formica opaciventris,0
Formica opacus,0
Formica orangea,0
Formica oreas,0
Formica pacifica,0
Formica pallidefulva,0
Formica paralugubris,0
Formica pergandei,0
Formica perpilosa,0
Formica persica,0
Formica picea,0
Formica pilicornis,0
Formica planipilis,0
Formica podzolica,0
Formica polyctena,0
Formica pratensis,0
Formica pressilabris,0
Formica puberula,0
Formica ravida,0
Formica robusta,0
Formica rubicunda,0
Formica rufa,0
Formica rufibarbis,0
Formica sanguinea,0
Formica selysi,0
Formica sibylla,0
Formica sinensis,0
Formica spatulata,0
Formica stenoptera,0
Formica subelongata,0
Formica subintegra,0
Formica subnitens,0
Formica subpilosa,0
Formica subpolita,0
Formica subsericea,0
Formica suecica,0
Formica tarimica,0
Formica testaceipes,0
Formica tianshanica,0
Formica transkaucasica,0
Formica truncorum,0
Formica ulkei,0
Formica uralensis,0
Formica villiscapa,0
Formica vinculans,0
Formica wheeleri,0
Formica xerophila,0
Formica yessensis,0
Formicoxenus diversipilosus,0
Formicoxenus hirticornis,0
Formicoxenus nitidulus,0
Formicoxenus provancheri,0
Formicoxenus quebecensis,0
Froggattella kirbii,0
Furcotanilla furcomandibula,0
Gesomyrmex chaperi,0
Gesomyrmex luzonensis,0
Gesomyrmex spatulatus,0
Gesomyrmex tobiasi,0
Gigantiops destructor,0
Gnamptogenys andersoni,0
Gnamptogenys annulata,0
Gnamptogenys aspera,0
Gnamptogenys aterrima,0
Gnamptogenys auricula,0
Gnamptogenys bicolor,0
Gnamptogenys bruchi,0
Gnamptogenys cribrata,0
Gnamptogenys dichotoma,0
Gnamptogenys enodis,0
Gnamptogenys flava,0
Gnamptogenys hartmani,0
Gnamptogenys horni,0
Gnamptogenys kempfi,0
Gnamptogenys lineolata,0
Gnamptogenys menadensis,0
Gnamptogenys minuta,0
Gnamptogenys moelleri,0
Gnamptogenys nana,0
Gnamptogenys pleurodon,0
Gnamptogenys regularis,0
Gnamptogenys sinensis,0
Gnamptogenys stellae,0
Gnamptogenys striatula,0
Gnamptogenys strigata,0
Gnamptogenys sulcata,0
Gnamptogenys tortuolosa,0
Gnamptogenys triangularis,0
Gnamptogenys vriesi,0
Gnamptogenys wilsoni,0
Goniomma baeticum,0
Goniomma blanci,0
Goniomma collingwoodi,0
Goniomma decipiens,0
Goniomma hispanicum,0
Goniomma kugleri,0
Gracilidris pombero,0
Hagensia havilandi,0
Harpagoxenus canadensis,0
Harpagoxenus sublaevis,0
Harpegnathos saltator,0
Harpegnathos venator,0
Heteroponera angulata,0
Heteroponera dolo,0
Heteroponera imbellis,0
Heteroponera inca,0
Huberia striata,0
Hypoponera abeillei,0
Hypoponera androgyna,0
Hypoponera beppin,0
Hypoponera bondroiti,0
Hypoponera confinis,0
Hypoponera distinguenda,0
Hypoponera dulcis,0
Hypoponera eduardi,0
Hypoponera ergatandria,0
Hypoponera eutrepta,0
Hypoponera gleadowi,0
Hypoponera kalakauae,0
Hypoponera nippona,0
Hypoponera nitidula,0
Hypoponera nubatama,0
Hypoponera opaciceps,0
Hypoponera opacior,0
Hypoponera pruinosa,0
Hypoponera punctatissima,0
Hypoponera ragusai,0
Hypoponera sauteri,0
Hypoponera schauinslandi,0
Hypoponera tarda,0
Iberoformica subrufa,0
Indomyrma bellae,0
Iridomyrmex agilis,0
Iridomyrmex anceps,0
Iridomyrmex bicknelli,0
Iridomyrmex cellarum,0
Iridomyrmex chasei,0
Iridomyrmex gracilis,0
Iridomyrmex pallidus,0
Iridomyrmex purpureus,0
Iridomyrmex reburrus,0
Iridomyrmex rufoniger,0
Iridomyrmex sanguineus,0
Iridomyrmex spodipilus,0
Iridomyrmex suchieri,0
Iridomyrmex viridiaeneus,0
Iridomyrmex viridigaster,0
Iroponera odax,0
Kartidris ashima,0
Kartidris fujianensis,0
Kartidris galos,0
Labidus coecus,0
Labidus mars,0
Labidus nero,0
Labidus praedator,0
Lachnomyrmex grandis,0
Lachnomyrmex plaumanni,0
Lasiomyrma wiwatwitayai,0
Lasiophanes picinus,0
Lasiophanes valdiviensis,0
Lasius affinis,0
Lasius alienoflavus,0
Lasius alienus,0
Lasius austriacus,0
Lasius balcanicus,0
Lasius balearicus,0
Lasius bicornis,0
Lasius breviscapus,0
Lasius brunneus,0
Lasius capitatus,0
Lasius carniolicus,0
Lasius cinereus,0
Lasius citrinus,0
Lasius claviger,0
Lasius crinitus,0
Lasius crispus,0
Lasius crypticus,0
Lasius distinguendus,0
Lasius elevatus,0
Lasius emarginatus,0
Lasius flavus,0
Lasius fuji,0
Lasius fuliginosus,0
Lasius gebaueri,0
Lasius grandis,0
Lasius hayashi,0
Lasius himalayanus,0
Lasius interjectus,0
Lasius japonicus,0
Lasius jensi,0
Lasius lasioides,0
Lasius latipes,0
Lasius longicirrus,0
Lasius magnus,0
Lasius meridionalis,0
Lasius mikir,0
Lasius minutus,0
Lasius mixtus,0
Lasius morisitai,0
Lasius myops,0
Lasius neglectus,0
Lasius neoniger,0
Lasius niger,0
Lasius nipponensis,0
Lasius nitidigaster,0
Lasius orientalis,0
Lasius pallitarsis,0
Lasius paralienus,0
Lasius piliferus,0
Lasius platythorax,0
Lasius productus,0
Lasius przewalskii,0
Lasius psammophilus,0
Lasius rabaudi,0
Lasius reginae,0
Lasius sabularum,0
Lasius sakagamii,0
Lasius spathepus,0
Lasius speculiventris,0
Lasius talpa,0
Lasius turcicus,0
Lasius umbratus,0
Lasius viehmeyeri,0
Lasius wittmeri,0
Lasius xerophilus,0
Lenomyrmex colwelli,0
Lenomyrmex inusitatus,0
Lepisiota cacozela,0
Lepisiota capensis,0
Lepisiota crinita,0
Lepisiota dammama,0
Lepisiota dhofara,0
Lepisiota dolabellae,0
Lepisiota elegantissima,0
Lepisiota frauenfeldi,0
Lepisiota gracilicornis,0
Lepisiota harteni,0
Lepisiota incisa,0
Lepisiota melas,0
Lepisiota modesta,0
Lepisiota nigra,0
Lepisiota obtusa,0
Lepisiota oculata,0
Lepisiota opaciventris,0
Lepisiota riyadha,0
Lepisiota rothneyi,0
Lepisiota syriaca,0
Leptanilla alexandri,0
Leptanilla bifurcata,0
Leptanilla escheri,0
Leptanilla hunanensis,0
Leptanilla israelis,0
Leptanilla japonica,0
Leptanilla judaica,0
Leptanilla kunmingensis,0
Leptanilla lamellata,0
Leptanilla morimotoi,0
Leptanilla palauensis,0
Leptanilla poggii,0
Leptanilla revelierii,0
Leptanilla taiwanensis,0
Leptanilla tanakai,0
Leptanilla theryi,0
Leptanilla yunnanensis,0
Leptanilloides atlantica,0
Leptanilloides biconstricta,0
Leptanilloides femoralis,0
Leptanilloides gracilis,0
Leptanilloides mckennae,0
Leptanilloides nomada,0
Leptogenys attenuata,0
Leptogenys birmana,0
Leptogenys borneensis,0
Leptogenys breviceps,0
Leptogenys camerunensis,0
Leptogenys chinensis,0
Leptogenys diminuta,0
Leptogenys elongata,0
Leptogenys falcigera,0
Leptogenys huapingensis,0
Leptogenys jeanettei,0
Leptogenys khammouanensis,0
Leptogenys kitteli,0
Leptogenys kraepelini,0
Leptogenys lattkei,0
Leptogenys longiscapa,0
Leptogenys maxillosa,0
Leptogenys mexicana,0
Leptogenys mutabilis,0
Leptogenys nitida,0
Leptogenys ocellifera,0
Leptogenys peninsularis,0
Leptogenys peuqueti,0
Leptogenys processionalis,0
Leptogenys punctaticeps,0
Leptogenys schwabi,0
Leptogenys stenocheilos,0
Leptogenys stuhlmanni,0
Leptogenys testacea,0
Leptogenys transitionis,0
Leptogenys tricosa,0
Leptogenys vinsonnella,0
Leptogenys wheeleri,0
Leptogenys yerburyi,0
Leptomyrmex flavitarsus,0
Leptomyrmex pallens,0
Leptothorax acervorum,0
Leptothorax arimensis,0
Leptothorax calderoni,0
Leptothorax faberi,0
Leptothorax goesswaldi,0
Leptothorax gredleri,0
Leptothorax kutteri,0
Leptothorax muscorum,0
Leptothorax oceanicus,0
Leptothorax paraxenus,0
Leptothorax scamni,0
Leptothorax wilsoni,0
Leptothorax zhengi,0
Linepithema angulatum,0
Linepithema humile,0
Linepithema inacatum,0
Linepithema iniquum,0
Linepithema micans,0
Linepithema neotropicum,0
Linepithema piliferum,0
Liometopum apiculatum,0
Liometopum lindgreeni,0
Liometopum luctuosum,0
Liometopum microcephalum,0
Liometopum occidentale,0
Liometopum orientale,0
Liometopum sinense,0
Liomyrmex gestroi,0
Lophomyrmex ambiguus,0
Lophomyrmex bedoti,0
Lophomyrmex birmanus,0
Lophomyrmex changlangensis,0
Lophomyrmex kali,0
Lophomyrmex longicornis,0
Lophomyrmex quadrispinosus,0
Lophomyrmex taivanae,0
Lophomyrmex terraceensis,0
Lordomyrma azumai,0
Lordomyrma caledonica,0
Lordomyrma crawleyi,0
Lordomyrma lakshmi,0
Lordomyrma reticulata,0
Lordomyrma rugosa,0
Lordomyrma taylori,0
Lordomyrma tortuosa,0
Loweriella boltoni,0
Malagidris sofina,0
Manica bradleyi,0
Manica mutica,0
Manica parasitica,0
Manica rubida,0
Manica yessensis,0
Martialis heureka,0
Mayriella abstinens,0
Mayriella granulata,0
Mayriella occidua,0
Mayriella overbecki,0
Mayriella transfuga,0
Mayriella warchalowskii,0
Megalomyrmex adamsae,0
Megalomyrmex balzani,0
Megalomyrmex bidentatus,0
Megalomyrmex drifti,0
Megalomyrmex foreli,0
Megalomyrmex goeldii,0
Megalomyrmex modestus,0
Megalomyrmex mondabora,0
Megalomyrmex mondaboroides,0
Megalomyrmex silvestrii,0
Megalomyrmex symmetochus,0
Megalomyrmex wettereri,0
Melissotarsus beccarii,0
Melissotarsus emeryi,0
Melissotarsus insularis,0
Melophorus aeneovirens,0
Melophorus bagoti,0
Melophorus iridescens,0
Melophorus turneri,0
Meranoplus ajax,0
Meranoplus beatoni,0
Meranoplus bicolor,0
Meranoplus birmanus,0
Meranoplus castaneus,0
Meranoplus curvispina,0
Meranoplus diversus,0
Meranoplus glaber,0
Meranoplus hirsutus,0
Meranoplus mars,0
Meranoplus minimus,0
Meranoplus mucronatus,0
Meranoplus parviumgulatus,0
Meranoplus peringueyi,0
Meranoplus puryi,0
Meranoplus raripilis,0
Mesoponera caffraria,0
Mesoponera melanaria,0
Mesostruma spinosa,0
Messor abdelazizi,0
Messor aciculatus,0
Messor aegyptiacus,0
Messor angularis,0
Messor antennatus,0
Messor aralocaspius,0
Messor arenarius,0
Messor barbarus,0
Messor berbericus,0
Messor bouvieri,0
Messor boyeri,0
Messor buettikeri,0
Messor caducus,0
Messor capensis,0
Messor capitatus,0
Messor caviceps,0
Messor celiae,0
Messor cephalotes,0
Messor chicoensis,0
Messor denticulatus,0
Messor ebeninus,0
Messor eglalae,0
Messor erectus,0
Messor ferreri,0
Messor foreli,0
Messor galla,0
Messor hismai,0
Messor hispanicus,0
Messor hoggarensis,0
Messor intermedius,0
Messor lobicornis,0
Messor luridus,0
Messor lusitanicus,0
Messor marocanus,0
Messor meridionalis,0
Messor minor,0
Messor muraywahus,0
Messor muscatus,0
Messor oertzeni,0
Messor orientalis,0
Messor picturatus,0
Messor regalis,0
Messor rufitarsis,0
Messor rugosus,0
Messor sanctus,0
Messor sanganus,0
Messor semirufus,0
Messor striativentris,0
Messor striatulus,0
Messor structor,0
Messor timidus,0
Messor vaucheri,0
Messor wasmanni,0
Metapone hewitti,0
Metapone madagascarica,0
Metapone quadridentata,0
Metapone vincimus,0
Monomorium abeillei,0
Monomorium acutinode,0
Monomorium aeyade,0
Monomorium aithoderum,0
Monomorium albopilosum,0
Monomorium algiricum,0
Monomorium antarcticum,0
Monomorium antipodum,0
Monomorium asiriense,0
Monomorium baushare,0
Monomorium bicolor,0
Monomorium boltoni,0
Monomorium brunneolucidulum,0
Monomorium buettikeri,0
Monomorium carbonarium,0
Monomorium chinense,0
Monomorium concolor,0
Monomorium creticum,0
Monomorium cyaneum,0
Monomorium dammame,0
Monomorium delagoense,0
Monomorium denticulatum,0
Monomorium dichroum,0
Monomorium dirie,0
Monomorium dryhimi,0
Monomorium ebeninum,0
Monomorium ergatogyna,0
Monomorium exiguum,0
Monomorium fayfaense,0
Monomorium fezzanense,0
Monomorium fieldi,0
Monomorium floricola,0
Monomorium fridae,0
Monomorium hanaqe,0
Monomorium hanneli,0
Monomorium hemame,0
Monomorium holothir,0
Monomorium indicum,0
Monomorium intrudens,0
Monomorium jizane,0
Monomorium kiliani,0
Monomorium knappi,0
Monomorium latinode,0
Monomorium leae,0
Monomorium libanicum,0
Monomorium liliuokalanii,0
Monomorium madecassum,0
Monomorium mahyoubi,0
Monomorium majarishe,0
Monomorium marmule,0
Monomorium matame,0
Monomorium minimum,0
Monomorium mintiribe,0
Monomorium minutum,0
Monomorium moathi,0
Monomorium monomorium,0
Monomorium najrane,0
Monomorium niloticum,0
Monomorium nimihil,0
Monomorium occidaneum,0
Monomorium opacum,0
Monomorium orientale,0
Monomorium pharaonis,0
Monomorium pseudoepixenus,0
Monomorium qarahe,0
Monomorium rothsteini,0
Monomorium rubriceps,0
Monomorium ruzskyi,0
Monomorium salomonis,0
Monomorium sarawatensis,0
Monomorium schurri,0
Monomorium smithii,0
Monomorium subcomae,0
Monomorium subopacum,0
Monomorium sydneyense,0
Monomorium termitobium,0
Monomorium triviale,0
Monomorium venustum,0
Monomorium viridum,0
Monomorium willowmorense,0
Monomorium wilsoni,0
Mycetagroicus cerradensis,0
Mycetagroicus inflatus,0
Mycetagroicus triangularis,0
Mycetagroicus urbanus,0
Mycetarotes parallelus,0
Mycetophylax brittoni,0
Mycetophylax conformis,0
Mycetophylax morschi,0
Mycetophylax simplex,0
Mycetosoritis clorindae,0
Mycetosoritis explicata,0
Mycetosoritis hartmanni,0
Mycetosoritis vinsoni,0
Mycocepurus castrator,0
Mycocepurus goeldii,0
Mycocepurus smithii,0
Myopias conicara,0
Myopias emeryi,0
Myopias maligna,0
Myopias shivalikensis,0
Myopias tasmaniensis,0
Myopopone castanea,0
Myrcidris epicharis,0
Myrmecia apicalis,0
Myrmecia banksi,0
Myrmecia brevinoda,0
Myrmecia croslandi,0
Myrmecia desertorum,0
Myrmecia dispar,0
Myrmecia flavicoma,0
Myrmecia forficata,0
Myrmecia froggatti,0
Myrmecia fulvipes,0
Myrmecia gratiosa,0
Myrmecia gulosa,0
Myrmecia inquilina,0
Myrmecia ludlowi,0
Myrmecia michaelseni,0
Myrmecia nigriceps,0
Myrmecia nigriscapa,0
Myrmecia nigrocincta,0
Myrmecia pavida,0
Myrmecia pilosula,0
Myrmecia pyriformis,0
Myrmecia regularis,0
Myrmecia simillima,0
Myrmecia tarsata,0
Myrmecia urens,0
Myrmecia varians,0
Myrmecia vindex,0
Myrmecina americana,0
Myrmecina cacabau,0
Myrmecina flava,0
Myrmecina graminicola,0
Myrmecina guangxiensis,0
Myrmecina nipponica,0
Myrmecina striata,0
Myrmecina taiwana,0
Myrmecocystus christineae,0
Myrmecocystus depilis,0
Myrmecocystus flaviceps,0
Myrmecocystus hammettensis,0
Myrmecocystus melliger,0
Myrmecocystus mendax,0
Myrmecocystus mexicanus,0
Myrmecocystus mimicus,0
Myrmelachista ambigua,0
Myrmelachista catharinae,0
Myrmelachista flavocotea,0
Myrmelachista gagatina,0
Myrmelachista gallicola,0
Myrmelachista goetschi,0
Myrmelachista nodigera,0
Myrmelachista plebecula,0
Myrmelachista ramulorum,0
Myrmelachista ruszkii,0
Myrmelachista schumanni,0
Myrmica adrijae,0
Myrmica afghanica,0
Myrmica alaskensis,0
Myrmica aloba,0
Myrmica americana,0
Myrmica anatolica,0
Myrmica angulinodis,0
Myrmica arnoldii,0
Myrmica bactriana,0
Myrmica bergi,0
Myrmica bibikoffi,0
Myrmica brevispinosa,0
Myrmica caeca,0
Myrmica caucasicola,0
Myrmica commarginata,0
Myrmica constricta,0
Myrmica curiosa,0
Myrmica curvispinosa,0
Myrmica curvithorax,0
Myrmica daurica,0
Myrmica deplanata,0
Myrmica detritinodis,0
Myrmica discontinua,0
Myrmica eidmanni,0
Myrmica elbrusi,0
Myrmica elmesi,0
Myrmica ereptrix,0
Myrmica excelsa,0
Myrmica forcipata,0
Myrmica fortior,0
Myrmica fracticornis,0
Myrmica gallienii,0
Myrmica gigantea,0
Myrmica glacialis,0
Myrmica hecate,0
Myrmica hellenica,0
Myrmica hirsuta,0
Myrmica incompleta,0
Myrmica inezae,0
Myrmica intermedia,0
Myrmica jennyae,0
Myrmica jessensis,0
Myrmica kabylica,0
Myrmica kamtschatica,0
Myrmica karavajevi,0
Myrmica kasczenkoi,0
Myrmica kirbii,0
Myrmica koreana,0
Myrmica kothiensis,0
Myrmica kotokui,0
Myrmica kurokii,0
Myrmica lampra,0
Myrmica latifrons,0
Myrmica laurae,0
Myrmica lemasnei,0
Myrmica lobicornis,0
Myrmica lobifrons,0
Myrmica lobulicornis,0
Myrmica lonae,0
Myrmica longisculpta,0
Myrmica luteola,0
Myrmica mixta,0
Myrmica nefaria,0
Myrmica nodicornis,0
Myrmica pararitae,0
Myrmica pelops,0
Myrmica pinetorum,0
Myrmica pisarskii,0
Myrmica poldii,0
Myrmica polyglypta,0
Myrmica pseudorugosa,0
Myrmica punctiventris,0
Myrmica radchenkoi,0
Myrmica ravasinii,0
Myrmica religiosa,0
Myrmica rigatoi,0
Myrmica ritae,0
Myrmica rubra,0
Myrmica rudis,0
Myrmica ruginodis,0
Myrmica rugosa,0
Myrmica rugulosa,0
Myrmica rupestris,0
Myrmica sabuleti,0
Myrmica salina,0
Myrmica saposhnikovi,0
Myrmica scabrinodis,0
Myrmica schencki,0
Myrmica schoedli,0
Myrmica sinoschencki,0
Myrmica slovaca,0
Myrmica smythiesii,0
Myrmica specioides,0
Myrmica spinosior,0
Myrmica striolagaster,0
Myrmica sulcinodis,0
Myrmica symbiotica,0
Myrmica taediosa,0
Myrmica tahoensis,0
Myrmica taibaiensis,0
Myrmica tamarae,0
Myrmica tenuispina,0
Myrmica transsibirica,0
Myrmica tulinae,0
Myrmica urbanii,0
Myrmica vandeli,0
Myrmica weberi,0
Myrmica weii,0
Myrmica xavieri,0
Myrmicaria arachnoides,0
Myrmicaria brunnea,0
Myrmicaria melanogaster,0
Myrmicaria natalensis,0
Myrmicaria nigra,0
Myrmicaria opaciventris,0
Myrmicaria striata,0
Myrmicocrypta bucki,0
Myrmicocrypta camargoi,0
Myrmicocrypta ednaella,0
Myrmicocrypta erectapilosa,0
Myrmoteras arcoelinae,0
Myrmoteras baslerorum,0
Myrmoteras binghamii,0
Myrmoteras brigitteae,0
Myrmoteras concolor,0
Myrmoteras cuneonodum,0
Myrmoteras danieli,0
Myrmoteras elfeorum,0
Myrmoteras estrudae,0
Myrmoteras iriodum,0
Myrmoteras ivani,0
Myrmoteras jaitrongi,0
Myrmoteras marianneae,0
Myrmoteras maudeae,0
Myrmoteras namphuong,0
Myrmoteras nicoletteae,0
Myrmoteras opalinum,0
Myrmoteras susanneae,0
Myrmoteras tomimasai,0
Myrmoteras tonboli,0
Myrmoteras toro,0
Myrmoxenus kraussei,0
Myrmoxenus tamarae,0
Mystrium barrybressleri,0
Mystrium camillae,0
Mystrium leonie,0
Mystrium maren,0
Mystrium mysticum,0
Mystrium oberthueri,0
Mystrium rogeri,0
Nebothriomyrmex majeri,0
Neivamyrmex agilis,0
Neivamyrmex albacorpus,0
Neivamyrmex baylori,0
Neivamyrmex carolinensis,0
Neivamyrmex chamelensis,0
Neivamyrmex compressinodis,0
Neivamyrmex crassiscapus,0
Neivamyrmex curvinotus,0
Neivamyrmex digitistipus,0
Neivamyrmex dorbignii,0
Neivamyrmex enzmanni,0
Neivamyrmex fuscipennis,0
Neivamyrmex halidaii,0
Neivamyrmex harrisii,0
Neivamyrmex hetschkoi,0
Neivamyrmex impudens,0
Neivamyrmex iridescens,0
Neivamyrmex legionis,0
Neivamyrmex leonardi,0
Neivamyrmex melshaemeri,0
Neivamyrmex moseri,0
Neivamyrmex nigrescens,0
Neivamyrmex nordenskioldii,0
Neivamyrmex nyensis,0
Neivamyrmex opacithorax,0
Neivamyrmex pertii,0
Neivamyrmex pilosus,0
Neivamyrmex punctaticeps,0
Neivamyrmex raptans,0
Neivamyrmex raptor,0
Neivamyrmex rugulosus,0
Neivamyrmex schmitti,0
Neivamyrmex sumichrasti,0
Neivamyrmex swainsonii,0
Neivamyrmex texanus,0
Neivamyrmex wheeleri,0
Neoponera apicalis,0
Neoponera obscuricornis,0
Neoponera unidentata,0
Neoponera villosa,0
Nesomyrmex asper,0
Nesomyrmex echinatinodis,0
Nesomyrmex pittieri,0
Nesomyrmex spininodis,0
Nesomyrmex tristani,0
Nesomyrmex vargasi,0
Nomamyrmex esenbeckii,0
Nothomyrmecia macrops,0
Notoncus capitatus,0
Notoncus ectatommoides,0
Notoncus hickmani,0
Notostigma carazzii,0
Nylanderia amia,0
Nylanderia arenivaga,0
Nylanderia assimilis,0
Nylanderia boltoni,0
Nylanderia bourbonica,0
Nylanderia dugasi,0
Nylanderia faisonensis,0
Nylanderia flavipes,0
Nylanderia fulva,0
Nylanderia jaegerskioeldi,0
Nylanderia parvula,0
Nylanderia pubens,0
Nylanderia pygmaea,0
Nylanderia smythiesii,0
Nylanderia steinheili,0
Nylanderia terricola,0
Nylanderia troglodytes,0
Nylanderia usambarica,0
Nylanderia vaga,0
Ochetellus flavipes,0
Ochetellus glaber,0
Ochetomyrmex bolivianus,0
Ochetomyrmex neopolitus,0
Ochetomyrmex semipolitus,0
Octostruma balzani,0
Octostruma barberi,0
Octostruma iheringi,0
Octostruma impressa,0
Octostruma lutzi,0
Octostruma rugifera,0
Octostruma wheeleri,0
Ocymyrmex barbiger,0
Ocymyrmex cilliei,0
Ocymyrmex foreli,0
Ocymyrmex hirsutus,0
Ocymyrmex laticeps,0
Ocymyrmex robustior,0
Ocymyrmex weitzeckeri,0
Odontomachus affinis,0
Odontomachus bauri,0
Odontomachus biumbonatus,0
Odontomachus bradleyi,0
Odontomachus brunneus,0
Odontomachus chelifer,0
Odontomachus circulus,0
Odontomachus clarus,0
Odontomachus coquereli,0
Odontomachus erythrocephalus,0
Odontomachus haematodus,0
Odontomachus hastatus,0
Odontomachus insularis,0
Odontomachus kuroiwae,0
Odontomachus laticeps,0
Odontomachus mayi,0
Odontomachus meinerti,0
Odontomachus monticola,0
Odontomachus mormo,0
Odontomachus opaciventris,0
Odontomachus relictus,0
Odontomachus rixosus,0
Odontomachus ruginodis,0
Odontomachus scalptus,0
Odontomachus schoedli,0
Odontomachus simillimus,0
Odontomachus troglodytes,0
Odontomachus turneri,0
Odontoponera denticulata,0
Odontoponera transversa,0
Oecophylla longinoda,0
Oecophylla smaragdina,0
Onychomyrmex hedleyi,0
Ophthalmopone berthoudi,0
Opisthopsis haddoni,0
Opisthopsis pictus,0
Orectognathus rostratus,0
Orectognathus versicolor,0
Oxyepoecus bidentatus,0
Oxyepoecus browni,0
Oxyepoecus bruchi,0
Oxyepoecus inquilinus,0
Oxyepoecus myops,0
Oxyepoecus punctifrons,0
Oxyepoecus striatus,0
Oxyepoecus vezenyii,0
Oxyopomyrmex emeryi,0
Oxyopomyrmex krueperi,0
Oxyopomyrmex santschii,0
Oxyopomyrmex saulcyi,0
Pachycondyla crassinoda,0
Pachycondyla harpax,0
Pachycondyla impressa,0
Pachycondyla sculpturata,0
Pachycondyla striata,0
Pachycondyla subversa,0
Paltothyreus tarsatus,0
Papyrius nitidus,0
Paraparatrechina glabra,0
Paraparatrechina illusio,0
Paraparatrechina oceanica,0
Paraparatrechina sauteri,0
Paraponera clavata,0
Paratopula ankistra,0
Paratopula catocha,0
Paratopula ceylonica,0
Paratopula demeta,0
Paratopula macta,0
Paratrechina gracilescens,0
Paratrechina kohli,0
Paratrechina longicornis,0
Paratrechina zanjensis,0
Perissomyrmex bidentatus,0
Perissomyrmex monticola,0
Perissomyrmex snyderi,0
Peronomyrmex overbecki,0
Petalomyrmex phylax,0
Phalacromyrmex fugax,0
Phasmomyrmex paradoxus,0
Phasmomyrmex polyrhachioides,0
Pheidole aberrans,0
Pheidole absurda,0
Pheidole adrianoi,0
Pheidole ambigua,0
Pheidole ampla,0
Pheidole anastasii,0
Pheidole annexa,0
Pheidole antillana,0
Pheidole aphrasta,0
Pheidole arctos,0
Pheidole aspidata,0
Pheidole aurea,0
Pheidole bahai,0
Pheidole batrachorum,0
Pheidole bergi,0
Pheidole bicarinata,0
Pheidole biconstricta,0
Pheidole bicornis,1
Pheidole bilimeki,0
Pheidole calens,0
Pheidole californica,0
Pheidole cameroni,0
Pheidole capensis,0
Pheidole ceres,0
Pheidole christinae,0
Pheidole clementensis,0
Pheidole clydei,0
Pheidole colobopsis,0
Pheidole constanciae,0
Pheidole constipata,0
Pheidole coracina,0
Pheidole coveri,0
Pheidole crassicornis,0
Pheidole crassinoda,0
Pheidole creightoni,0
Pheidole cubaensis,0
Pheidole darwini,0
Pheidole dea,0
Pheidole defecta,0
Pheidole dentata,0
Pheidole dentigula,0
Pheidole desertorum,0
Pheidole diversipilosa,0
Pheidole dugasi,0
Pheidole embolopyx,0
Pheidole exigua,0
Pheidole fadli,0
Pheidole fallax,0
Pheidole feae,0
Pheidole fervens,0
Pheidole fervida,0
Pheidole fiorii,0
Pheidole flavens,0
Pheidole flaveria,0
Pheidole floridana,0
Pheidole gatesi,0
Pheidole gilvescens,0
Pheidole glabrella,0
Pheidole grallipes,0
Pheidole guerrerana,0
Pheidole guineensis,0
Pheidole heliosa,0
Pheidole hirtula,0
Pheidole hongkongensis,0
Pheidole hortensis,0
Pheidole hyatti,0
Pheidole indica,0
Pheidole innupta,0
Pheidole inquilina,0
Pheidole jamaicensis,0
Pheidole jelskii,0
Pheidole jordanica,0
Pheidole knowlesi,0
Pheidole longipes,0
Pheidole longiscapa,0
Pheidole longispinosa,0
Pheidole lucioccipitalis,0
Pheidole megacephala,0
Pheidole melastomae,0
Pheidole metallescens,0
Pheidole micula,0
Pheidole militicida,0
Pheidole minima,0
Pheidole minuscula,0
Pheidole minutula,1
Pheidole moerens,0
Pheidole mus,0
Pheidole mutisi,0
Pheidole nasutoides,0
Pheidole neokohli,0
Pheidole neolongiscapa,0
Pheidole nietneri,0
Pheidole nimba,0
Pheidole nitidula,0
Pheidole noda,1
Pheidole nodgii,0
Pheidole nodifera,0
Pheidole nubila,0
Pheidole obscurithorax,0
Pheidole obtusopilosa,0
Pheidole obtusospinosa,0
Pheidole oceanica,0
Pheidole oliveirai,0
Pheidole oswaldi,0
Pheidole oxyops,0
Pheidole paiute,0
Pheidole pallidula,0
Pheidole parva,0
Pheidole parvicorpus,0
Pheidole peguensis,0
Pheidole pennsylvanica,0
Pheidole peregrina,0
Pheidole pieli,0
Pheidole pilifera,0
Pheidole pinealis,0
Pheidole plagiaria,0
Pheidole planifrons,0
Pheidole praeses,0
Pheidole protensa,0
Pheidole providens,0
Pheidole proxima,0
Pheidole pubiventris,0
Pheidole pulchella,0
Pheidole punctatissima,0
Pheidole punctulata,0
Pheidole pusilla,0
Pheidole quadricuspis,0
Pheidole quinata,0
Pheidole radoszkowskii,0
Pheidole rebeccae,0
Pheidole recondita,0
Pheidole rhea,0
Pheidole rinae,0
Pheidole risii,0
Pheidole roberti,0
Pheidole roosevelti,0
Pheidole rugulosa,0
Pheidole sabahna,0
Pheidole sauberi,0
Pheidole scalaris,0
Pheidole schoedli,0
Pheidole sciophila,0
Pheidole sculpturata,0
Pheidole selathorax,0
Pheidole semidea,0
Pheidole setosa,0
Pheidole sexspinosa,0
Pheidole simonsi,0
Pheidole sinaitica,0
Pheidole singaporensis,0
Pheidole smythiesii,0
Pheidole soesilae,0
Pheidole soritis,0
Pheidole spadonia,0
Pheidole spathifera,0
Pheidole spininodis,0
Pheidole subaberrans,0
Pheidole subarmata,0
Pheidole susannae,0
Pheidole symbiotica,0
Pheidole synanthropica,0
Pheidole synarmata,0
Pheidole taivanensis,0
Pheidole tasmaniensis,0
Pheidole teneriffana,0
Pheidole tepicana,0
Pheidole terraceensis,0
Pheidole terresi,0
Pheidole tetra,0
Pheidole tisiphone,0
Pheidole titanis,0
Pheidole tjibodana,0
Pheidole triconstricta,0
Pheidole tysoni,0
Pheidole umbonata,0
Pheidole vallifica,0
Pheidole variabilis,0
Pheidole vistana,0
Pheidole watsoni,0
Pheidole wheelerorum,0
Pheidole williamsi,0
Pheidole woodmasoni,0
Pheidole xanthogaster,0
Pheidole xerophila,0
Pheidole yeensis,0
Philidris cordata,0
Philidris myrmecodiae,0
Philidris nagasau,0
Philidris notiala,0
Phrynoponera gabonensis,0
Plagiolepis abyssinica,0
Plagiolepis alluaudi,0
Plagiolepis ampeloni,0
Plagiolepis augusti,0
Plagiolepis breviscapa,0
Plagiolepis brunni,0
Plagiolepis cardiocarenis,0
Plagiolepis foreli,0
Plagiolepis grassei,0
Plagiolepis karawajewi,0
Plagiolepis pallescens,0
Plagiolepis pygmaea,0
Plagiolepis schmitzii,0
Plagiolepis taurica,0
Plagiolepis vindobonensis,0
Plagiolepis xene,0
Platythyrea arnoldi,0
Platythyrea clypeata,0
Platythyrea conradti,0
Platythyrea cribrinodis,0
Platythyrea exigua,0
Platythyrea lamellosa,0
Platythyrea modesta,0
Platythyrea parallela,0
Platythyrea pilosula,0
Platythyrea prizo,0
Platythyrea punctata,0
Platythyrea quadridenta,0
Platythyrea schultzei,0
Platythyrea strenua,0
Plectroctena mandibularis,0
Plectroctena minor,0
Podomyrma adelaidae,0
Podomyrma elongata,0
Podomyrma laevifrons,0
Poecilomyrma myrmecodiae,0
Poecilomyrma senirewae,0
Pogonomyrmex anergismus,0
Pogonomyrmex anzensis,0
Pogonomyrmex apache,0
Pogonomyrmex badius,0
Pogonomyrmex barbatus,0
Pogonomyrmex bicolor,0
Pogonomyrmex bispinosus,0
Pogonomyrmex californicus,0
Pogonomyrmex colei,0
Pogonomyrmex comanche,0
Pogonomyrmex crudelis,0
Pogonomyrmex cunicularius,0
Pogonomyrmex desertorum,0
Pogonomyrmex hoelldobleri,0
Pogonomyrmex humerotumidus,0
Pogonomyrmex imberbiculus,0
Pogonomyrmex inermis,0
Pogonomyrmex magnacanthus,0
Pogonomyrmex maricopa,0
Pogonomyrmex mayri,0
Pogonomyrmex mendozanus,0
Pogonomyrmex mohavensis,0
Pogonomyrmex molefaciens,0
Pogonomyrmex montanus,0
Pogonomyrmex naegelii,0
Pogonomyrmex occidentalis,0
Pogonomyrmex odoratus,0
Pogonomyrmex pronotalis,0
Pogonomyrmex rastratus,0
Pogonomyrmex rugosus,0
Pogonomyrmex salinus,0
Pogonomyrmex schmitti,0
Pogonomyrmex snellingi,0
Pogonomyrmex stefani,0
Pogonomyrmex striatinodus,0
Pogonomyrmex subdentatus,0
Pogonomyrmex subnitidus,0
Pogonomyrmex texanus,0
Pogonomyrmex vermiculatus,0
Pogonomyrmex wheeleri,0
Polyergus breviceps,0
Polyergus lucidus,0
Polyergus mexicanus,0
Polyergus nigerrimus,0
Polyergus rufescens,0
Polyergus samurai,0
Polyergus texana,0
Polyrhachis alphea,0
Polyrhachis ammon,0
Polyrhachis arachne,0
Polyrhachis arcuata,0
Polyrhachis bellicosa,0
Polyrhachis bicolor,0
Polyrhachis bihamata,0
Polyrhachis bispinosa,0
Polyrhachis busiris,0
Polyrhachis ceramensis,0
Polyrhachis cheesmanae,0
Polyrhachis conops,0
Polyrhachis constricta,0
Polyrhachis continua,0
Polyrhachis cryptoceroides,0
Polyrhachis cyaniventris,0
Polyrhachis debilis,0
Polyrhachis decemdentata,0
Polyrhachis dispar,0
Polyrhachis dives,0
Polyrhachis dolomedes,0
Polyrhachis dorowi,0
Polyrhachis equina,0
Polyrhachis flavibasis,0
Polyrhachis fornicata,0
Polyrhachis furcata,0
Polyrhachis fuscipes,0
Polyrhachis gagates,0
Polyrhachis gravis,0
Polyrhachis grisescens,0
Polyrhachis guerini,0
Polyrhachis halidayi,0
Polyrhachis hashimotoi,0
Polyrhachis hauxwelli,0
Polyrhachis hector,0
Polyrhachis hexacantha,0
Polyrhachis hippomanes,0
Polyrhachis hirta,0
Polyrhachis hodgsoni,0
Polyrhachis horacei,0
Polyrhachis illaudata,0
Polyrhachis inconspicua,0
Polyrhachis inusitata,0
Polyrhachis javanica,0
Polyrhachis kellyi,0
Polyrhachis laboriosa,0
Polyrhachis lacteipennis,0
Polyrhachis lama,0
Polyrhachis lamellidens,0
Polyrhachis latispina,0
Polyrhachis longipes,0
Polyrhachis loweryi,0
Polyrhachis luteogaster,0
Polyrhachis maryatiae,0
Polyrhachis menozzii,0
Polyrhachis militaris,0
Polyrhachis mitrata,0
Polyrhachis moesta,0
Polyrhachis muara,0
Polyrhachis muelleri,0
Polyrhachis narendrani,0
Polyrhachis nigriceps,0
Polyrhachis palaearctica,0
Polyrhachis parabiotica,0
Polyrhachis paracamponota,0
Polyrhachis proxima,0
Polyrhachis pruinosa,0
Polyrhachis pseudothrinax,0
Polyrhachis punjabi,0
Polyrhachis queenslandica,0
Polyrhachis rastellata,0
Polyrhachis relucens,0
Polyrhachis rufipes,0
Polyrhachis rufofemorata,0
Polyrhachis schang,0
Polyrhachis schellerichae,0
Polyrhachis schistacea,0
Polyrhachis semipolita,0
Polyrhachis sericeopubescens,0
Polyrhachis smithersi,0
Polyrhachis sokolova,0
Polyrhachis spinosa,0
Polyrhachis stitzi,0
Polyrhachis striata,0
Polyrhachis textor,0
Polyrhachis thompsoni,0
Polyrhachis thrinax,0
Polyrhachis tianjingshanensis,0
Polyrhachis tibialis,0
Polyrhachis tricuspis,0
Polyrhachis tyrannica,0
Polyrhachis vanachterbergi,0
Polyrhachis vicina,0
Polyrhachis viehmeyeri,0
Polyrhachis vigilans,0
Polyrhachis wolfi,0
Polyrhachis xiphias,0
Polyrhachis ypsilon,0
Ponera affinis,0
Ponera alisana,0
Ponera alpha,0
Ponera bableti,0
Ponera bawana,0
Ponera chapmani,0
Ponera coarctata,0
Ponera contracta,0
Ponera diodonta,0
Ponera exotica,0
Ponera incerta,0
Ponera indica,0
Ponera japonica,0
Ponera kohmoku,0
Ponera leae,0
Ponera loi,0
Ponera mocsaryi,0
Ponera paedericera,0
Ponera pennsylvanica,0
Ponera pumila,0
Ponera ruficornis,0
Ponera scabra,0
Ponera sysphinctoides,0
Ponera szaboi,0
Ponera taylori,0
Ponera tenuis,0
Ponera testacea,0
Ponera woodwardi,0
Ponera xantha,0
Prenolepis angularis,0
Prenolepis fisheri,0
Prenolepis imparis,0
Prenolepis jacobsoni,0
Prenolepis longiventris,0
Prenolepis magnocula,0
Prenolepis melanogaster,0
Prenolepis naoroji,0
Prenolepis nitens,0
Prenolepis septemdenta,0
Prenolepis sphingthoraxa,0
Prenolepis umbra,0
Prionopelta amabilis,0
Prionopelta kraepelini,0
Prionopelta punctulata,0
Pristomyrmex brevispinosus,0
Pristomyrmex cebuensis,0
Pristomyrmex curvulus,0
Pristomyrmex distinguendus,0
Pristomyrmex erythropygus,0
Pristomyrmex mandibularis,0
Pristomyrmex punctatus,0
Pristomyrmex sulcatus,0
Pristomyrmex trispinosus,0
Pristomyrmex tsujii,0
Pristomyrmex wilsoni,0
Proatta butteli,0
Probolomyrmex brevirostris,0
Probolomyrmex dammermani,0
Probolomyrmex greavesi,0
Probolomyrmex guanacastensis,0
Probolomyrmex longinodus,0
Probolomyrmex okinawensis,0
Probolomyrmex petiolatus,0
Probolomyrmex tani,0
Probolomyrmex watanabei,0
Proceratium avium,0
Proceratium boltoni,0
Proceratium brasiliense,0
Proceratium californicum,0
Proceratium crassicorne,0
Proceratium deelemani,0
Proceratium google,0
Proceratium itoi,0
Proceratium longmenense,0
Proceratium melinum,0
Proceratium morisitai,0
Proceratium nujiangense,0
Proceratium silaceum,0
Proceratium stictum,0
Proceratium watasei,0
Proceratium williamsi,0
Proceratium zhaoi,0
Procryptocerus mayri,0
Procryptocerus scabriusculus,0
Procryptocerus striatus,0
Proformica epinotalis,0
Proformica ferreri,0
Proformica jacoti,0
Proformica kaszabi,0
Proformica korbi,0
Proformica longiseta,0
Proformica mongolica,0
Proformica nasuta,0
Proformica ossetica,0
Proformica pilosiscapa,0
Proformica seraphimi,0
Prolasius advenus,0
Prolasius convexus,0
Prolasius nitidissimus,0
Prolasius pallidus,0
Promyopias silvestrii,0
Protanilla bicolor,0
Protanilla concolor,0
Protanilla rafflesi,0
Protanilla schoedli,0
Protanilla wallacei,0
Protazteca hendersoni,0
Psalidomyrmex mabirensis,0
Psalidomyrmex procerus,0
Pseudoatta argentina,0
Pseudolasius binghami,0
Pseudolasius emeryi,0
Pseudolasius familiaris,0
Pseudolasius isabellae,0
Pseudolasius machhediensis,0
Pseudolasius silvestrii,0
Pseudomyrmex acanthobius,0
Pseudomyrmex apache,0
Pseudomyrmex belti,0
Pseudomyrmex brunneus,0
Pseudomyrmex championi,0
Pseudomyrmex concolor,0
Pseudomyrmex cubaensis,0
Pseudomyrmex decipiens,0
Pseudomyrmex dendroicus,0
Pseudomyrmex ejectus,0
Pseudomyrmex elongatulus,0
Pseudomyrmex elongatus,0
Pseudomyrmex ferrugineus,1
Pseudomyrmex flavicornis,0
Pseudomyrmex flavidulus,0
Pseudomyrmex fortis,0
Pseudomyrmex gracilis,0
Pseudomyrmex nigropilosus,0
Pseudomyrmex pallidus,0
Pseudomyrmex pazosi,0
Pseudomyrmex penetrator,0
Pseudomyrmex peperi,0
Pseudomyrmex phyllophilus,0
Pseudomyrmex salvini,0
Pseudomyrmex satanicus,0
Pseudomyrmex simplex,0
Pseudomyrmex spinicola,1
Pseudomyrmex tenuis,0
Pseudomyrmex termitarius,0
Pseudomyrmex triplarinus,0
Pseudomyrmex unicolor,0
Pseudomyrmex veneficus,1
Pseudomyrmex viduus,0
Pseudonotoncus hirsutus,0
Ravavy miafina,0
Recurvidris browni,0
Recurvidris glabriceps,0
Recurvidris nigrans,0
Recurvidris nuwa,0
Recurvidris recurvispinosa,0
Rhopalomastix omotoensis,0
Rhopalomastix rothneyi,0
Rhopalothrix ciliata,0
Rhopalothrix diadema,0
Rhopalothrix orbis,0
Rhopalothrix plaumanni,0
Rhopalothrix weberi,0
Rhoptromyrmex melleus,0
Rhytidoponera aciculata,0
Rhytidoponera araneoides,0
Rhytidoponera aurata,0
Rhytidoponera chalybaea,0
Rhytidoponera confusa,0
Rhytidoponera enigmatica,0
Rhytidoponera impressa,0
Rhytidoponera inornata,0
Rhytidoponera mayri,0
Rhytidoponera metallica,0
Rhytidoponera nodifera,0
Rhytidoponera purpurea,0
Rhytidoponera rufithorax,0
Rhytidoponera tasmaniensis,0
Rhytidoponera taurus,0
Rhytidoponera tyloxys,0
Rhytidoponera victoriae,0
Rhytidoponera violacea,0
Rogeria cuneola,0
Rogeria curvipubens,0
Rogeria inermis,0
Rogeria stigmatica,0
Romblonella heatwolei,0
Romblonella liogaster,0
Rossomyrmex anatolicus,0
Rossomyrmex minuchae,0
Rossomyrmex proformicarum,0
Rossomyrmex quandratinodum,0
Sericomyrmex amabilis,0
Sericomyrmex aztecus,0
Sericomyrmex luederwaldti,0
Sericomyrmex opacus,0
Sericomyrmex urichi,0
Sicilomyrmex corniger,0
Simopelta laticeps,0
Simopelta minima,0
Simopelta oculata,0
Simopelta paeminosa,0
Simopelta pentadentata,0
Simopelta pergandei,0
Simopone wilburi,0
Solenopsis abdita,0
Solenopsis altinodis,0
Solenopsis aurea,0
Solenopsis azteca,0
Solenopsis basalis,0
Solenopsis carolinensis,0
Solenopsis corticalis,0
Solenopsis daguerrei,0
Solenopsis dysderces,0
Solenopsis electra,0
Solenopsis elhawagryi,0
Solenopsis enigmatica,0
Solenopsis fugax,0
Solenopsis gayi,0
Solenopsis geminata,0
Solenopsis germaini,0
Solenopsis globularia,0
Solenopsis gnoma,0
Solenopsis helena,0
Solenopsis ilinei,0
Solenopsis interrupta,0
Solenopsis invicta,0
Solenopsis japonica,0
Solenopsis juliae,0
Solenopsis kochi,0
Solenopsis krockowi,0
Solenopsis laeviceps,0
Solenopsis latastei,0
Solenopsis latro,0
Solenopsis leptanilloides,0
Solenopsis maboya,0
Solenopsis macdonaghi,0
Solenopsis megergates,0
Solenopsis molesta,0
Solenopsis nitens,0
Solenopsis occipitalis,0
Solenopsis papuana,0
Solenopsis parva,0
Solenopsis patagonica,0
Solenopsis phoretica,0
Solenopsis picea,0
Solenopsis pollux,0
Solenopsis punctaticeps,0
Solenopsis quinquecuspis,0
Solenopsis richteri,0
Solenopsis saevissima,1
Solenopsis saudiensis,0
Solenopsis substituta,0
Solenopsis subterranea,0
Solenopsis sumara,0
Solenopsis terricola,0
Solenopsis tetracantha,0
Solenopsis texana,0
Solenopsis virulens,0
Solenopsis wasmannii,0
Solenopsis xyloni,0
Sphinctomyrmex stali,0
Stegomyrmex bensoni,0
Stegomyrmex manni,0
Stegomyrmex vizottoi,0
Stenamma alas,0
Stenamma brevicorne,0
Stenamma debile,0
Stenamma diecki,0
Stenamma expolitum,0
Stenamma impar,0
Stenamma jhitingriense,0
Stenamma kashmirense,0
Stenamma nipponense,0
Stenamma owstoni,0
Stenamma petiolatum,0
Stenamma punctiventre,0
Stenamma sardoum,0
Stenamma snellingi,0
Stenamma striatulum,0
Stenamma ussuriense,0
Stenamma westwoodii,0
Stenamma wilsoni,0
Stereomyrmex horni,0
Stigmacros foreli,0
Stigmatomma awa,0
Stigmatomma cleae,0
Stigmatomma emeryi,0
Stigmatomma gingivale,0
Stigmatomma mystriops,0
Stigmatomma pallipes,0
Streblognathus aethiopicus,0
Streblognathus peetersi,0
Strongylognathus afer,0
Strongylognathus alpinus,0
Strongylognathus arnoldii,0
Strongylognathus caeciliae,0
Strongylognathus huberi,0
Strongylognathus kervillei,0
Strongylognathus kratochvili,0
Strongylognathus pisarskii,0
Strongylognathus silvestrii,0
Strongylognathus testaceus,0
Strumigenys acarai,0
Strumigenys aduncomala,0
Strumigenys aequinoctialis,0
Strumigenys alessandrae,0
Strumigenys angulata,0
Strumigenys anthocera,0
Strumigenys argiola,0
Strumigenys assamensis,0
Strumigenys azteca,0
Strumigenys bartolozzii,0
Strumigenys baudueri,0
Strumigenys benten,0
Strumigenys boneti,0
Strumigenys buddhista,0
Strumigenys buleru,0
Strumigenys cacaoensis,0
Strumigenys canina,0
Strumigenys caniophanoides,0
Strumigenys choii,0
Strumigenys consanii,0
Strumigenys cosmostela,0
Strumigenys decollata,0
Strumigenys ecliptacoca,0
Strumigenys eggersi,0
Strumigenys elongata,0
Strumigenys emeryi,0
Strumigenys emiliae,0
Strumigenys emmae,0
Strumigenys esrossi,0
Strumigenys exiguaevitae,0
Strumigenys formosensis,0
Strumigenys godeffroyi,0
Strumigenys gundlachi,0
Strumigenys havilandi,0
Strumigenys hexamera,0
Strumigenys hindenburgi,0
Strumigenys hindu,0
Strumigenys hispida,0
Strumigenys humata,0
Strumigenys infidelis,0
Strumigenys interfectiva,0
Strumigenys kumadori,0
Strumigenys lacacoca,0
Strumigenys lacunosa,0
Strumigenys lewisi,0
Strumigenys lichiaensis,0
Strumigenys liukueiensis,0
Strumigenys longimala,0
Strumigenys loriae,0
Strumigenys louisianae,0
Strumigenys ludia,0
Strumigenys margaritae,0
Strumigenys marginiventris,0
Strumigenys maxillaris,0
Strumigenys membranifera,0
Strumigenys minutula,0
Strumigenys mumfordi,0
Strumigenys mutica,0
Strumigenys nageli,0
Strumigenys nanzanensis,0
Strumigenys nepalensis,0
Strumigenys nevermanni,0
Strumigenys nubila,0
Strumigenys onorei,0
Strumigenys pallestes,0
Strumigenys pariensis,0
Strumigenys pergandei,0
Strumigenys perplexa,0
Strumigenys phytibia,0
Strumigenys pilosa,0
Strumigenys planeti,0
Strumigenys precava,0
Strumigenys rogeri,0
Strumigenys rotogenys,0
Strumigenys royi,0
Strumigenys rufobrunea,0
Strumigenys saliens,0
Strumigenys silvestrii,0
Strumigenys solifontis,0
Strumigenys spathula,0
Strumigenys subedentata,0
Strumigenys tachirensis,0
Strumigenys tenuipilis,0
Strumigenys trada,0
Strumigenys trieces,0
Strumigenys uichancoi,0
Strumigenys ursulus,0
Strumigenys usbensis,0
Strumigenys veddha,0
Strumigenys waiwai,0
Strumigenys wheeleriana,0
Strumigenys wilsoniana,0
Strumigenys xenos,0
Strumigenys zakharovi,0
Talaridris mandibularis,0
Tapinoma aberrans,0
Tapinoma antarcticum,0
Tapinoma dimmocki,0
Tapinoma erraticum,0
Tapinoma geei,0
Tapinoma himalaica,0
Tapinoma indicum,0
Tapinoma israele,0
Tapinoma karavaievi,0
Tapinoma kinburni,0
Tapinoma luteum,0
Tapinoma madeirense,0
Tapinoma melanocephalum,0
Tapinoma minor,0
Tapinoma minutum,0
Tapinoma nigerrimum,0
Tapinoma panamense,0
Tapinoma pygmaeum,0
Tapinoma schreiberi,0
Tapinoma sessile,0
Tapinoma simrothi,0
Tapinoma subboreale,0
Tapinoma subtile,0
Tapinoma wilsoni,0
Tatuidris tatusia,0
Technomyrmex albipes,0
Technomyrmex antennus,0
Technomyrmex bicolor,0
Technomyrmex briani,0
Technomyrmex brunneus,0
Technomyrmex butteli,0
Technomyrmex detorquens,0
Technomyrmex difficilis,0
Technomyrmex elatior,0
Technomyrmex fulvus,0
Technomyrmex jocosus,0
Technomyrmex modiglianii,0
Technomyrmex montaseri,0
Technomyrmex sundaicus,0
Technomyrmex vexatus,0
Technomyrmex vitiensis,0
Technomyrmex voeltzkowi,0
Technomyrmex wheeleri,0
Temnothorax affinis,0
Temnothorax albipennis,0
Temnothorax algiricus,0
Temnothorax allardycei,0
Temnothorax ambiguus,0
Temnothorax andrei,0
Temnothorax arenarius,0
Temnothorax aveli,0
Temnothorax bimbache,0
Temnothorax blascoi,0
Temnothorax bradleyi,0
Temnothorax bulgaricus,0
Temnothorax clypeatus,0
Temnothorax corticalis,0
Temnothorax crassispinus,0
Temnothorax cuneinodis,0
Temnothorax curtulus,0
Temnothorax curvispinosus,0
Temnothorax duloticus,0
Temnothorax exilis,0
Temnothorax flavicornis,0
Temnothorax graecus,0
Temnothorax gredosi,0
Temnothorax himachalensis,0
Temnothorax interruptus,0
Temnothorax italicus,0
Temnothorax jailensis,0
Temnothorax kashmirensis,0
Temnothorax kraussei,0
Temnothorax lichtensteini,0
Temnothorax lindae,0
Temnothorax longispinosus,0
Temnothorax luteus,0
Temnothorax mariposa,0
Temnothorax maryanae,0
Temnothorax mekira,0
Temnothorax melinus,0
Temnothorax microreticulatus,0
Temnothorax minutissimus,0
Temnothorax mortoni,0
Temnothorax nadigi,0
Temnothorax nevadensis,0
Temnothorax niger,0
Temnothorax nigriceps,0
Temnothorax nigritus,0
Temnothorax nitens,0
Temnothorax nylanderi,0
Temnothorax ocellatus,0
Temnothorax pardoi,0
Temnothorax parvulus,0
Temnothorax pergandei,0
Temnothorax pilagens,0
Temnothorax rabaudi,0
Temnothorax racovitzai,0
Temnothorax recedens,0
Temnothorax rottenbergii,0
Temnothorax rudis,0
Temnothorax rugatulus,0
Temnothorax saxonicus,0
Temnothorax schmittii,0
Temnothorax semenovi,0
Temnothorax semiruber,0
Temnothorax smithi,0
Temnothorax sordidulus,0
Temnothorax specularis,0
Temnothorax striatulus,0
Temnothorax terrigena,0
Temnothorax texanus,0
Temnothorax tuberum,0
Temnothorax turcicus,0
Temnothorax tyndalei,0
Temnothorax unifasciatus,0
Temnothorax wollastoni,0
Tetramorium aculeatum,0
Tetramorium adamsi,0
Tetramorium aegeum,0
Tetramorium aherni,0
Tetramorium akengense,0
Tetramorium ala,0
Tetramorium alpestre,0
Tetramorium amalae,0
Tetramorium ambanizana,0
Tetramorium andohahela,0
Tetramorium andrei,0
Tetramorium argentirubrum,0
Tetramorium armatum,0
Tetramorium avaratra,0
Tetramorium avium,0
Tetramorium barryi,0
Tetramorium bendai,0
Tetramorium bessonii,0
Tetramorium bevisi,0
Tetramorium bicarinatum,0
Tetramorium bicolorum,0
Tetramorium biskrense,0
Tetramorium boehmei,0
Tetramorium boltoni,0
Tetramorium brevicorne,0
Tetramorium browni,0
Tetramorium caespitum,0
Tetramorium caldarium,0
Tetramorium camerunense,0
Tetramorium chefketi,0
Tetramorium christiei,0
Tetramorium debilis,0
Tetramorium densopilosum,0
Tetramorium depressiceps,0
Tetramorium depressum,0
Tetramorium diomedeum,0
Tetramorium edouardi,0
Tetramorium electrum,0
Tetramorium elf,0
Tetramorium erectum,0
Tetramorium ericae,0
Tetramorium exasperatum,0
Tetramorium exile,0
Tetramorium ferox,0
Tetramorium flagellatum,0
Tetramorium forte,0
Tetramorium frigidum,0
Tetramorium grassii,0
Tetramorium guineense,0
Tetramorium hasinae,0
Tetramorium hippocratis,0
Tetramorium hirsutum,0
Tetramorium hispidum,0
Tetramorium hungaricum,0
Tetramorium impurum,0
Tetramorium incruentatum,0
Tetramorium indocile,0
Tetramorium indosinense,0
Tetramorium insolens,0
Tetramorium intermedium,0
Tetramorium isectum,0
Tetramorium isoelectrum,0
Tetramorium jacoti,0
Tetramorium jedi,0
Tetramorium kakamega,0
Tetramorium kheperra,0
Tetramorium kieti,0
Tetramorium kraepelini,0
Tetramorium lanuginosum,0
Tetramorium latinode,0
Tetramorium latreillei,0
Tetramorium lucayanum,0
Tetramorium lucidulum,0
Tetramorium lucyae,0
Tetramorium mai,0
Tetramorium manni,0
Tetramorium marginatum,0
Tetramorium marojejy,0
Tetramorium melleum,0
Tetramorium meridionale,0
Tetramorium mkomazi,0
Tetramorium moravicum,0
Tetramorium mpala,0
Tetramorium mutatum,0
Tetramorium naganum,0
Tetramorium nazgul,0
Tetramorium nify,0
Tetramorium nipponense,0
Tetramorium noeli,0
Tetramorium notomelanum,0
Tetramorium pacificum,0
Tetramorium pelagium,0
Tetramorium philippwagneri,0
Tetramorium pilosum,0
Tetramorium pleganon,0
Tetramorium polymorphum,0
Tetramorium punicum,0
Tetramorium renae,0
Tetramorium robertsoni,0
Tetramorium rubrum,0
Tetramorium sabatra,0
Tetramorium salwae,0
Tetramorium saudicum,0
Tetramorium schmidti,0
Tetramorium securis,0
Tetramorium semilaeve,0
Tetramorium sericeiventre,0
Tetramorium setigerum,0
Tetramorium shirlae,0
Tetramorium signatum,0
Tetramorium simillimum,0
Tetramorium singletonae,0
Tetramorium smaug,0
Tetramorium snellingi,0
Tetramorium spinosum,0
Tetramorium squaminode,0
Tetramorium striativentre,0
Tetramorium sulcinode,0
Tetramorium surrogatum,0
Tetramorium susannae,0
Tetramorium tabarum,0
Tetramorium tanaense,0
Tetramorium tenuicrine,0
Tetramorium termitobium,0
Tetramorium tonganum,0
Tetramorium tortuosum,0
Tetramorium triangulatum,0
Tetramorium trirugosum,0
Tetramorium tsushimae,1
Tetramorium voasary,0
Tetramorium weitzeckeri,0
Tetraponera aethiops,0
Tetraponera aitkenii,0
Tetraponera allaborans,0
Tetraponera ambigua,0
Tetraponera angustata,0
Tetraponera anthracina,0
Tetraponera attenuata,0
Tetraponera binghami,0
Tetraponera latifrons,0
Tetraponera longinoda,0
Tetraponera microcarpa,0
Tetraponera natalensis,0
Tetraponera nigra,0
Tetraponera penzigi,0
Tetraponera periyarensis,0
Tetraponera pilosa,0
Tetraponera punctulata,0
Tetraponera rufonigra,0
Tetraponera tessmanni,0
Thaumatomyrmex atrox,0
Thaumatomyrmex bariay,0
Thaumatomyrmex contumax,0
Thaumatomyrmex ferox,0
Thaumatomyrmex mandibularis,0
Thaumatomyrmex mutilatus,0
Thaumatomyrmex nageli,0
Thaumatomyrmex paludis,0
Thaumatomyrmex soesilae,0
Trachymyrmex arizonensis,0
Trachymyrmex atlanticus,0
Trachymyrmex bugnioni,0
Trachymyrmex carinatus,0
Trachymyrmex compactus,0
Trachymyrmex cornetzi,0
Trachymyrmex dichrous,0
Trachymyrmex haytianus,0
Trachymyrmex holmgreni,0
Trachymyrmex iheringi,0
Trachymyrmex isthmicus,0
Trachymyrmex ixyodus,0
Trachymyrmex jamaicensis,0
Trachymyrmex kempfi,0
Trachymyrmex nogalensis,0
Trachymyrmex relictus,0
Trachymyrmex ruthae,0
Trachymyrmex septentrionalis,0
Trachymyrmex sharpii,0
Trachymyrmex smithi,0
Trachymyrmex turrifex,0
Trachymyrmex zeteki,0
Tranopelta amblyops,0
Tranopelta gilva,0
Tranopelta heyeri,0
Tranopelta subterranea,0
Tropidomyrmex elianae,0
Turneria frenchi,0
Typhlomyrmex bruchi,0
Typhlomyrmex meire,0
Typhlomyrmex prolatus,0
Typhlomyrmex rogenhoferi,0
Tyrannomyrmex legatus,0
Tyrannomyrmex rex,0
Veromessor andrei,0
Veromessor lobognathus,0
Veromessor pergandei,0
Veromessor smithi,0
Vollenhovia amamiana,0
Vollenhovia benzai,0
Vollenhovia brevicornis,0
Vollenhovia emeryi,0
Vollenhovia escherichi,0
Vollenhovia gastropunctata,0
Vollenhovia kaselela,0
Vollenhovia lucimandibula,0
Vollenhovia nipponica,0
Vollenhovia novobritainae,0
Vollenhovia oblonga,0
Vollenhovia okinawana,0
Vollenhovia pwidikidika,0
Vollenhovia pyrrhoria,0
Vollenhovia sakishimana,0
Vollenhovia samoensis,0
Vollenhovia yambaru,0
Vombisidris humboldticola,0
Vombisidris jacobsoni,0
Vombisidris occidua,0
Vombisidris philippina,0
Wasmannia auropunctata,0
Wasmannia rochai,0
Wasmannia sulcaticeps,0
Wasmannia villosa,0
Wasmannia williamsoni,0
Xenomyrmex floridanus,0
Yavnella argamani,0
Yavnella indica,0
Zatania albimaculata,0
Zatania cisipa,0
Zatania gibberosa,0
Zatania gloriosa,0
Zatania karstica,0