Name,PM
Acromyrmex_hystrix,1
Acromyrmex_lobicornis,1
Acromyrmex_niger,1
Acromyrmex_octospinosus,1
Acromyrmex_striatus,1
Acromyrmex_subterraneus,1
Allomerus_decemarticulatus,1
Allomerus_octoarticulatus,1
Anochetus_emarginatus,1
Anonychomyrma_gilberti,1
Anonychomyrma_nitidiceps,1
Anonychomyrma_scrutator,1
Anoplolepis_custodiens,1
Anoplolepis_gracilipes,1
Anoplolepis_longipes,1
Anoplolepis_steingroeveri,1
Anoplolepis_tenella,1
Aphaenogaster_araneoides,1
Aphaenogaster_beccarii,1
Aphaenogaster_carolinensis,1
Aphaenogaster_cockerelli,1
Aphaenogaster_famelica,1
Aphaenogaster_fulva,1
Aphaenogaster_gibbosa,1
Aphaenogaster_iberica,1
Aphaenogaster_japonica,1
Aphaenogaster_longiceps,1
Aphaenogaster_occidentalis,1
Aphaenogaster_picea,1
Aphaenogaster_rudis,1
Aphaenogaster_senilis,1
Aphaenogaster_smythiesii,1
Aphaenogaster_spinosa,1
Aphaenogaster_subterranea,1
Aphaenogaster_swammerdami,1
Aphaenogaster_tennesseensis,1
Aphaenogaster_texana,1
Aphaenogaster_treatae,1
Aphomomyrmex_afer,1
Atta_cephalotes,1
Atta_colombica,1
Atta_sexdens,1
Azteca_alfari,1
Azteca_andreae,1
Azteca_australis,1
Azteca_bequaerti,1
Azteca_chartifex,1
Azteca_isthmica,1
Azteca_ovaticeps,1
Azteca_pittieri,1
Brachymyrmex_brevicornis,1
Brachymyrmex_depilis,1
Brachymyrmex_heeri,1
Brachymyrmex_minutus,1
Brachymyrmex_obscurior,1
Brachymyrmex_patagonicus,1
Brachyponera_chinensis,1
Brachyponera_lutea,1
Brachyponera_luteipes,1
Camponotus_acvapimensis,1
Camponotus_aethiops,1
Camponotus_balzani,1
Camponotus_blandus,1
Camponotus_castaneus,1
Camponotus_chromaiodes,1
Camponotus_compressus,1
Camponotus_consobrinus,1
Camponotus_crassus,1
Camponotus_cruentatus,1
Camponotus_femoratus,1
Camponotus_festinatus,1
Camponotus_floridanus,1
Camponotus_gigas,1
Camponotus_herculeanus,1
Camponotus_inflatus,1
Camponotus_innexus,1
Camponotus_intrepidus,1
Camponotus_japonicus,1
Camponotus_lateralis,1
Camponotus_lindigi,1
Camponotus_mus,1
Camponotus_naegelii,1
Camponotus_niveosetosus,1
Camponotus_novaehollandiae,1
Camponotus_novogranadensis,1
Camponotus_ocreatus,1
Camponotus_ogasawarensis,1
Camponotus_pallescens,1
Camponotus_pennsylvanicus,1
Camponotus_personatus,1
Camponotus_piceus,1
Camponotus_planatus,1
Camponotus_rubrithorax,1
Camponotus_rufipes,1
Camponotus_semitestaceus,1
Camponotus_sericeiventris,1
Camponotus_sericeus,1
Camponotus_silvestrii,1
Camponotus_singularis,1
Camponotus_tortuganus,1
Camponotus_vagus,1
Cardiocondyla_nuda,1
Carebara_urichi,1
Cataglyphis_cursor,1
Cataglyphis_piliscapa,1
Cataglyphis_velox,1
Cataulacus_intrudens,1
Cataulacus_mckeyi,1
Cephalotes_atratus,1
Cephalotes_minutus,1
Cephalotes_multispinosus,1
Cephalotes_pusillus,1
Cephalotes_setulifer,1
Cladomyrma_petalae,1
Crematogaster_ashmeadi,1
Crematogaster_borneensis,1
Crematogaster_brasiliensis,1
Crematogaster_californica,1
Crematogaster_carinata,1
Crematogaster_cephalotes,1
Crematogaster_cerasi,1
Crematogaster_coarctata,1
Crematogaster_crinosa,1
Crematogaster_curvispinosa,1
Crematogaster_depilis,1
Crematogaster_difformis,1
Crematogaster_dohrni,1
Crematogaster_erecta,1
Crematogaster_formosa,1
Crematogaster_inflata,1
Crematogaster_laeviceps,1
Crematogaster_laevis,1
Crematogaster_limata,1
Crematogaster_lineolata,1
Crematogaster_lucayana,1
Crematogaster_matsumurai,1
Crematogaster_mimosae,1
Crematogaster_nigriceps,1
Crematogaster_opaca,1
Crematogaster_opuntiae,1
Crematogaster_osakensis,1
Crematogaster_peringueyi,1
Crematogaster_pilosa,1
Crematogaster_pygmaea,1
Crematogaster_rothneyi,1
Crematogaster_scutellaris,1
Crematogaster_steinheili,1
Crematogaster_teranishii,1
Crematogaster_treubi,1
Cyphomyrmex_major,1
Cyphomyrmex_rimosus,1
Diacamma_rugosum,1
Dinoponera_quadriceps,1
Discothyrea_oculata,1
Doleromyrma_darwiniana,1
Dolichoderus_bidens,1
Dolichoderus_bispinosus,1
Dolichoderus_thoracicus,1
Dorylus_laevigatus,1
Dorymyrmex_bicolor,1
Dorymyrmex_brunneus,1
Dorymyrmex_bureni,1
Dorymyrmex_insanus,1
Dorymyrmex_spurius,1
Dorymyrmex_thoracicus,1
Ectatomma_brunneum,1
Ectatomma_edentatum,1
Ectatomma_muticum,1
Ectatomma_ruidum,1
Ectatomma_tuberculatum,1
Forelius_analis,1
Forelius_pruinosus,1
Formica_altipetens,1
Formica_argentea,1
Formica_biophilica,1
Formica_canadensis,1
Formica_creightoni,1
Formica_cunicularia,1
Formica_decipiens,1
Formica_difficilis,1
Formica_dolosa,1
Formica_exsecta,1
Formica_fusca,1
Formica_gagates,1
Formica_gagatoides,1
Formica_gerardi,1
Formica_glacialis,1
Formica_hewitti,1
Formica_incerta,1
Formica_japonica,1
Formica_lasioides,1
Formica_lemani,1
Formica_lugubris,1
Formica_microgyna,1
Formica_moki,1
Formica_neogagates,1
Formica_obscuripes,1
Formica_pacifica,1
Formica_pallidefulva,1
Formica_perpilosa,1
Formica_podzolica,1
Formica_polyctena,1
Formica_pratensis,1
Formica_ravida,1
Formica_rufa,1
Formica_rufibarbis,1
Formica_sanguinea,1
Formica_sibylla,1
Formica_subpolita,1
Formica_subsericea,1
Gigantiops_destructor,1
Heteroponera_imbellis,1
Iberoformica_subrufa,1
Iridomyrmex_agilis,1
Iridomyrmex_anceps,1
Iridomyrmex_bicknelli,1
Iridomyrmex_chasei,1
Iridomyrmex_discors,1
Iridomyrmex_mattiroloi,1
Iridomyrmex_pallidus,1
Iridomyrmex_purpureus,1
Iridomyrmex_reburrus,1
Iridomyrmex_rufoniger,1
Iridomyrmex_sanguineus,1
Iridomyrmex_viridiaeneus,1
Labidus_praedator,1
Lasius_alienus,1
Lasius_emarginatus,1
Lasius_flavus,1
Lasius_fuliginosus,1
Lasius_grandis,1
Lasius_japonicus,1
Lasius_niger,1
Lasius_pallitarsis,1
Lasius_paralienus,1
Lasius_platythorax,1
Lasius_spathepus,1
Lepisiota_capensis,1
Linepithema_humile,1
Liometopum_apiculatum,1
Liometopum_occidentale,1
Lophomyrmex_bedoti,1
Melophorus_turneri,1
Meranoplus_peringueyi,1
Messor_barbarus,1
Messor_bouvieri,1
Messor_capensis,1
Messor_capitatus,1
Messor_minor,1
Messor_semirufus,1
Messor_structor,1
Monomorium_cyaneum,1
Monomorium_intrudens,1
Monomorium_kiliani,1
Monomorium_monomorium,1
Monomorium_pharaonis,1
Monomorium_rothsteini,1
Monomorium_rubriceps,1
Monomorium_sydneyense,1
Monomorium_viridum,1
Mycocepurus_goeldii,1
Myrcidris_epicharis,1
Myrmecocystus_mimicus,1
Myrmelachista_flavocotea,1
Myrmelachista_schumanni,1
Myrmica_aloba,1
Myrmica_brevispinosa,1
Myrmica_crassirugis,1
Myrmica_detritinodis,1
Myrmica_discontinua,1
Myrmica_fracticornis,1
Myrmica_kotokui,1
Myrmica_latifrons,1
Myrmica_lobicornis,1
Myrmica_punctiventris,1
Myrmica_rubra,1
Myrmica_ruginodis,1
Myrmica_rugulosa,1
Myrmica_sabuleti,1
Myrmica_scabrinodis,1
Myrmica_spatulata,1
Myrmica_spinosior,1
Myrmicaria_brunnea,1
Myrmicaria_fusca,1
Myrmicaria_nigra,1
Neoponera_apicalis,1
Neoponera_marginata,1
Neoponera_obscuricornis,1
Notoncus_ectatommoides,1
Notoncus_enormis,1
Nylanderia_flavipes,1
Nylanderia_obscura,1
Nylanderia_parvula,1
Nylanderia_vaga,1
Ochetellus_glaber,1
Ocymyrmex_cilliei,1
Odontomachus_bauri,1
Odontomachus_brunneus,1
Odontomachus_chelifer,1
Odontomachus_circulus,1
Odontomachus_erythrocephalus,1
Odontomachus_haematodus,1
Odontomachus_hastatus,1
Odontomachus_laticeps,1
Odontomachus_minuta,1
Odontoponera_transversa,1
Oecophylla_longinoda,1
Oecophylla_smaragdina,1
Pachycondyla_harpax,1
Pachycondyla_striata,1
Paltothyreus_tarsatus,1
Paraponera_clavata,1
Paratrechina_longicornis,1
Petalomyrmex_phylax,1
Pheidole_ampla,1
Pheidole_aristotelis,1
Pheidole_bergi,1
Pheidole_biconstricta,1
Pheidole_bicornis,1
Pheidole_capellinii,1
Pheidole_capensis,1
Pheidole_crassicornis,1
Pheidole_dentata,1
Pheidole_desertorum,1
Pheidole_fallax,1
Pheidole_fervida,1
Pheidole_floridana,1
Pheidole_grallipes,1
Pheidole_indica,1
Pheidole_megacephala,1
Pheidole_melastomae,1
Pheidole_metallescens,1
Pheidole_minutula,1
Pheidole_morrissii,1
Pheidole_nasutoides,1
Pheidole_noda,1
Pheidole_pallidula,1
Pheidole_pieli,1
Pheidole_praeses,1
Pheidole_pubiventris,1
Pheidole_radoszkowskii,1
Pheidole_spathifera,1
Pheidole_spininodis,1
Pheidole_ursus,1
Pheidole_watsoni,1
Pheidole_woodmasoni,1
Philidris_myrmecodiae,1
Plagiolepis_pygmaea,1
Podomyrma_laevifrons,1
Pogonomyrmex_badius,1
Pogonomyrmex_californicus,1
Pogonomyrmex_cunicularius,1
Pogonomyrmex_occidentalis,1
Pogonomyrmex_rugosus,1
Pogonomyrmex_subnitidus,1
Polyrhachis_lamellidens,1
Prenolepis_imparis,1
Pristomyrmex_punctatus,1
Pristomyrmex_pungens,1
Prolasius_nitidissimus,1
Pseudomyrmex_acanthobius,1
Pseudomyrmex_concolor,1
Pseudomyrmex_dendroicus,1
Pseudomyrmex_ferrugineus,1
Pseudomyrmex_fortis,1
Pseudomyrmex_gracilis,1
Pseudomyrmex_pallidus,1
Pseudomyrmex_penetrator,1
Pseudomyrmex_spinicola,1
Pseudomyrmex_termitarius,1
Pseudomyrmex_triplarinus,1
Pseudomyrmex_veneficus,1
Pseudomyrmex_viduus,1
Rhytidoponera_aurata,1
Rhytidoponera_borealis,1
Rhytidoponera_inornata,1
Rhytidoponera_maniae,1
Rhytidoponera_mayri,1
Rhytidoponera_metallica,1
Rhytidoponera_reticulata,1
Rhytidoponera_tasmaniensis,1
Rhytidoponera_trachypyx,1
Rhytidoponera_turneri,1
Rhytidoponera_victoriae,1
Rhytidoponera_violacea,1
Solenopsis_aurea,1
Solenopsis_carolinensis,1
Solenopsis_fugax,1
Solenopsis_geminata,1
Solenopsis_globularia,1
Solenopsis_invicta,1
Solenopsis_japonica,1
Solenopsis_richteri,1
Solenopsis_saevissima,1
Solenopsis_tenuis,1
Solenopsis_xyloni,1
Tapinoma_erraticum,1
Tapinoma_melanocephalum,1
Tapinoma_nigerrimum,1
Tapinoma_sessile,1
Tapinoma_subtile,1
Technomyrmex_albipes,1
Temnothorax_crassispinus,1
Temnothorax_curvispinosus,1
Temnothorax_longispinosus,1
Temnothorax_nylanderi,1
Temnothorax_racovitzai,1
Temnothorax_unifasciatus,1
Tetramorium_aculeatum,1
Tetramorium_bicarinatum,1
Tetramorium_caespitum,1
Tetramorium_forte,1
Tetramorium_hispidum,1
Tetramorium_impressum,1
Tetramorium_kraepelini,1
Tetramorium_lanuginosum,1
Tetramorium_quadrispinosum,1
Tetramorium_semilaeve,1
Tetramorium_simillimum,1
Tetramorium_striolatum,1
Tetramorium_tsushimae,1
Tetramorium_turneri,1
Tetraponera_aethiops,1
Tetraponera_ambigua,1
Tetraponera_penzigi,1
Tetraponera_tessmanni,1
Trachymyrmex_septentrionalis,1
Veromessor_andrei,1
Veromessor_capensis,1
Veromessor_pergandei,1
Vombisidris_humboldticola,1
Wasmannia_auropunctata,1
Acanthognathus_brevicornis,0
Acanthognathus_ocellatus,0
Acanthognathus_rudis,0
Acanthognathus_teledectus,0
Acanthomyrmex_ferox,0
Acanthomyrmex_glabfemoralis,0
Acanthomyrmex_humilis,0
Acanthomyrmex_luciolae,0
Acanthomyrmex_thailandensis,0
Acanthoponera_mucronata,0
Acanthostichus_brevicornis,0
Acanthostichus_fuscipennis,0
Acanthostichus_longinodis,0
Acanthostichus_quadratus,0
Acanthostichus_serratulus,0
Acromyrmex_ambiguus,0
Acromyrmex_ameliae,0
Acromyrmex_aspersus,0
Acromyrmex_balzani,0
Acromyrmex_coronatus,0
Acromyrmex_crassispinus,0
Acromyrmex_disciger,0
Acromyrmex_echinatior,0
Acromyrmex_heyeri,0
Acromyrmex_hispidus,0
Acromyrmex_insinuator,0
Acromyrmex_landolti,0
Acromyrmex_laticeps,0
Acromyrmex_lundii,0
Acromyrmex_nobilis,0
Acromyrmex_rugosus,0
Acromyrmex_versicolor,0
Acromyrmex_volcanus,0
Acropyga_acutiventris,0
Acropyga_arnoldi,0
Acropyga_ayanganna,0
Acropyga_bakwele,0
Acropyga_decedens,0
Acropyga_epedana,0
Acropyga_exsanguis,0
Acropyga_fuhrmanni,0
Acropyga_goeldii,0
Acropyga_gowdeyi,0
Acropyga_kinomurai,0
Acropyga_myops,0
Acropyga_nipponensis,0
Acropyga_paleartica,0
Acropyga_sauteri,0
Adelomyrmex_betoi,0
Adelomyrmex_brenesi,0
Adelomyrmex_laevigatus,0
Adelomyrmex_myops,0
Adelomyrmex_tristani,0
Adetomyrma_venatrix,0
Adlerzia_froggatti,0
Aenictogiton_fossiceps,0
Aenictus_appressipilosus,0
Aenictus_arabicus,0
Aenictus_aratus,0
Aenictus_asantei,0
Aenictus_baliensis,0
Aenictus_binghami,0
Aenictus_bobaiensis,0
Aenictus_brevipodus,0
Aenictus_camposi,0
Aenictus_ceylonicus,0
Aenictus_changmaianus,0
Aenictus_concavus,0
Aenictus_congolensis,0
Aenictus_currax,0
Aenictus_cylindripetiolus,0
Aenictus_decolor,0
Aenictus_dentatus,0
Aenictus_dlusskyi,0
Aenictus_doryloides,0
Aenictus_eguchii,0
Aenictus_eugenii,0
Aenictus_fergusoni,0
Aenictus_fuchuanensis,0
Aenictus_glabratus,0
Aenictus_gonioccipus,0
Aenictus_gracilis,0
Aenictus_gutianshanensis,0
Aenictus_hodgsoni,0
Aenictus_hottai,0
Aenictus_idoneus,0
Aenictus_indicus,0
Aenictus_itoi,0
Aenictus_javanus,0
Aenictus_jawadwipa,0
Aenictus_khaoyaiensis,0
Aenictus_kutai,0
Aenictus_laeviceps,0
Aenictus_latifemoratus,0
Aenictus_lifuiae,0
Aenictus_longicephalus,0
Aenictus_maneerati,0
Aenictus_minipetiolus,0
Aenictus_minutulus,0
Aenictus_pachycerus,0
Aenictus_pangantihoni,0
Aenictus_paradentatus,0
Aenictus_philippinensis,0
Aenictus_piercei,0
Aenictus_pilosus,0
Aenictus_pinkaewi,0
Aenictus_rabori,0
Aenictus_rhodiensis,0
Aenictus_rixator,0
Aenictus_rotundatus,0
Aenictus_silvestrii,0
Aenictus_stenocephalus,0
Aenictus_sulawesiensis,0
Aenictus_sundalandensis,0
Aenictus_thailandianus,0
Aenictus_turneri,0
Aenictus_vieti,0
Aenictus_watanasiti,0
Aenictus_wilaiae,0
Aenictus_wilsoni,0
Aenictus_wiwatwitayai,0
Aenictus_wroughtonii,0
Aenictus_wudangshanensis,0
Aenictus_yamanei,0
Aenictus_yangi,0
Agraulomyrmex_meridionalis,0
Agraulomyrmex_wilsoni,0
Allomerus_brevipilosus,0
Amblyopone_australis,0
Aneuretus_simoni,0
Anillidris_bruchi,0
Anillomyrma_decamera,0
Anillomyrma_tridens,0
Anochetus_armstrongi,0
Anochetus_bispinosus,0
Anochetus_brevis,0
Anochetus_bytinskii,0
Anochetus_cryptus,0
Anochetus_evansi,0
Anochetus_faurei,0
Anochetus_ghilianii,0
Anochetus_graeffei,0
Anochetus_grandidieri,0
Anochetus_hohenbergiae,0
Anochetus_horridus,0
Anochetus_incultus,0
Anochetus_isolatus,0
Anochetus_kempfi,0
Anochetus_leyticus,0
Anochetus_maryatiae,0
Anochetus_mayri,0
Anochetus_micans,0
Anochetus_miserabilis,0
Anochetus_modicus,0
Anochetus_oriens,0
Anochetus_pangantihoni,0
Anochetus_princeps,0
Anochetus_rectangularis,0
Anochetus_risii,0
Anochetus_ruginotus,0
Anochetus_schoedli,0
Anochetus_sedilloti,0
Anochetus_subcoecus,0
Anochetus_taiwaniensis,0
Anochetus_tua,0
Anochetus_turneri,0
Anochetus_validus,0
Anochetus_werneri,0
Anomalomyrma_boltoni,0
Anomalomyrma_helenae,0
Anomalomyrma_taylori,0
Anonychomyrma_itinerans,0
Anonychomyrma_procidua,0
Anoplolepis_braunsi,0
Aphaenogaster_aktaci,0
Aphaenogaster_albisetosa,0
Aphaenogaster_atlantis,0
Aphaenogaster_balcanica,0
Aphaenogaster_barbara,0
Aphaenogaster_barbigula,0
Aphaenogaster_baronii,0
Aphaenogaster_beesoni,0
Aphaenogaster_boulderensis,0
Aphaenogaster_cardenai,0
Aphaenogaster_cecconii,0
Aphaenogaster_crocea,0
Aphaenogaster_dlusskyi,0
Aphaenogaster_edentula,0
Aphaenogaster_ensifera,0
Aphaenogaster_epirotes,0
Aphaenogaster_flemingi,0
Aphaenogaster_floridana,0
Aphaenogaster_gemella,0
Aphaenogaster_holtzi,0
Aphaenogaster_huachucana,0
Aphaenogaster_incurviclypea,0
Aphaenogaster_inermis,0
Aphaenogaster_ionia,0
Aphaenogaster_iranica,0
Aphaenogaster_januschevi,0
Aphaenogaster_koniari,0
Aphaenogaster_lamellidens,0
Aphaenogaster_mariae,0
Aphaenogaster_megommata,0
Aphaenogaster_mexicana,0
Aphaenogaster_miamiana,0
Aphaenogaster_muelleriana,0
Aphaenogaster_nadigi,0
Aphaenogaster_obsidiana,0
Aphaenogaster_ovaticeps,0
Aphaenogaster_pallida,0
Aphaenogaster_phalangium,0
Aphaenogaster_phillipsi,0
Aphaenogaster_picena,0
Aphaenogaster_praedo,0
Aphaenogaster_pumilopuncta,0
Aphaenogaster_punctaticeps,0
Aphaenogaster_pythia,0
Aphaenogaster_rothneyi,0
Aphaenogaster_schmidti,0
Aphaenogaster_semipolita,0
Aphaenogaster_simonellii,0
Aphaenogaster_splendida,0
Aphaenogaster_striativentris,0
Aphaenogaster_subcostata,0
Aphaenogaster_subexaperata,0
Aphaenogaster_subterraneoides,0
Aphaenogaster_testaceopilosa,0
Aphaenogaster_wilsoni,0
Apomyrma_stygia,0
Apterostigma_calverti,0
Apterostigma_collare,0
Apterostigma_dentigerum,0
Apterostigma_goniodes,0
Apterostigma_madidiense,0
Apterostigma_mayri,0
Apterostigma_megacephala,0
Apterostigma_mexicanum,0
Apterostigma_pilosum,0
Apterostigma_steigeri,0
Apterostigma_urichii,0
Aptinoma_antongil,0
Aptinoma_mangabe,0
Asphinctopone_pilosa,0
Atopomyrmex_mocquerysi,0
Atta_bisphaerica,0
Atta_capiguara,0
Atta_cubana,0
Atta_fervens,0
Atta_insularis,0
Atta_laevigata,0
Atta_mexicana,0
Atta_opaciceps,0
Atta_robusta,0
Atta_tardigrada,0
Atta_texana,0
Atta_vollenweideri,0
Austromorium_flavigaster,0
Austromorium_hetericki,0
Azteca_aurita,0
Azteca_barbifex,0
Azteca_beltii,0
Azteca_brevicornis,0
Azteca_brevis,0
Azteca_constructor,0
Azteca_cordincola,0
Azteca_delpini,0
Azteca_diabolica,0
Azteca_fasciata,0
Azteca_instabilis,0
Azteca_juruensis,0
Azteca_laurae,0
Azteca_linamariae,0
Azteca_longiceps,0
Azteca_muelleri,0
Azteca_nigricans,0
Azteca_oecocordia,0
Azteca_salti,0
Azteca_sapii,0
Azteca_schimperi,0
Azteca_sericeasur,0
Azteca_snellingi,0
Azteca_trigona,0
Azteca_ulei,0
Azteca_velox,0
Azteca_xanthochroa,0
Bannapone_mulanae,0
Baracidris_meketra,0
Basiceros_manni,0
Blepharidatta_brasiliensis,0
Blepharidatta_conops,0
Bothriomyrmex_anastasiae,0
Bothriomyrmex_atlantis,0
Bothriomyrmex_communistus,0
Bothriomyrmex_corsicus,0
Bothriomyrmex_decapitans,0
Bothriomyrmex_kusnezovi,0
Bothriomyrmex_meridionalis,0
Bothriomyrmex_paradoxus,0
Bothriomyrmex_saundersi,0
Bothriomyrmex_syrius,0
Bothroponera_pumicosa,0
Bothroponera_rubiginosa,0
Bothroponera_soror,0
Bothroponera_umgodikulula,0
Brachymyrmex_admotus,0
Brachymyrmex_bruchi,0
Brachymyrmex_cavernicola,0
Brachymyrmex_cordemoyi,0
Brachymyrmex_incisus,0
Brachymyrmex_musculus,0
Brachymyrmex_nebulosus,0
Brachymyrmex_pictus,0
Brachymyrmex_santschii,0
Brachyponera_brevidorsa,0
Brachyponera_obscurans,0
Brachyponera_sennaarensis,0
Buniapone_amblyops,0
Calomyrmex_purpureus,0
Calyptomyrmex_beccarii,0
Calyptomyrmex_friederikae,0
Calyptomyrmex_rectopilosus,0
Calyptomyrmex_singalensis,0
Calyptomyrmex_vedda,0
Camponotus_aegaeus,0
Camponotus_aegyptiacus,0
Camponotus_ager,0
Camponotus_albivillosus,0
Camponotus_alboannulatus,0
Camponotus_alii,0
Camponotus_amaurus,0
Camponotus_americanus,0
Camponotus_anderseni,0
Camponotus_annetteae,0
Camponotus_anthrax,0
Camponotus_apicalis,0
Camponotus_arenatus,0
Camponotus_aruensis,0
Camponotus_ashokai,0
Camponotus_asli,0
Camponotus_atlantis,0
Camponotus_atriceps,0
Camponotus_atricolor,0
Camponotus_auriventris,0
Camponotus_aurocinctus,0
Camponotus_aurofasciatus,0
Camponotus_badius,0
Camponotus_baldaccii,0
Camponotus_barbaricus,0
Camponotus_barbatus,0
Camponotus_baronii,0
Camponotus_baynei,0
Camponotus_biolleyi,0
Camponotus_boghossiani,0
Camponotus_brasiliensis,0
Camponotus_breviscapus,0
Camponotus_brutus,0
Camponotus_buddhae,0
Camponotus_bugnioni,0
Camponotus_camelinus,0
Camponotus_cameroni,0
Camponotus_candiotes,0
Camponotus_carbonarius,0
Camponotus_caryae,0
Camponotus_ceriseipes,0
Camponotus_chilensis,0
Camponotus_chloroticus,0
Camponotus_chrysurus,0
Camponotus_cinctellus,0
Camponotus_cingulatus,0
Camponotus_clarithorax,0
Camponotus_clypeatus,0
Camponotus_compressiscapus,0
Camponotus_congolensis,0
Camponotus_conicus,0
Camponotus_conspicuus,0
Camponotus_convexiclypeus,0
Camponotus_cristatus,0
Camponotus_crozieri,0
Camponotus_curviscapus,0
Camponotus_dalmaticus,0
Camponotus_decipiens,0
Camponotus_dentatus,0
Camponotus_depressus,0
Camponotus_detritus,0
Camponotus_devestivus,0
Camponotus_distinguendus,0
Camponotus_dolabratus,0
Camponotus_dolendus,0
Camponotus_donnellani,0
Camponotus_dorycus,0
Camponotus_dromas,0
Camponotus_eperiamorum,0
Camponotus_ephippium,0
Camponotus_esuriens,0
Camponotus_fabricator,0
Camponotus_fallax,0
Camponotus_fastigatus,0
Camponotus_fellah,0
Camponotus_festinus,0
Camponotus_fijianus,0
Camponotus_foleyi,0
Camponotus_foraminosus,0
Camponotus_foreli,0
Camponotus_fragilis,0
Camponotus_friedae,0
Camponotus_fulvopilosus,0
Camponotus_fuscocinctus,0
Camponotus_gallagheri,0
Camponotus_gasseri,0
Camponotus_gestroi,0
Camponotus_gilviventris,0
Camponotus_goeldii,0
Camponotus_gombaki,0
Camponotus_gouldi,0
Camponotus_gouldianus,0
Camponotus_grandidieri,0
Camponotus_guanchus,0
Camponotus_hannani,0
Camponotus_haroi,0
Camponotus_hartogi,0
Camponotus_hellmichi,0
Camponotus_herrichi,0
Camponotus_hoelldobleri,0
Camponotus_holosericeus,0
Camponotus_honaziensis,0
Camponotus_horseshoetus,0
Camponotus_hospes,0
Camponotus_hova,0
Camponotus_humerus,0
Camponotus_husseini,0
Camponotus_hyatti,0
Camponotus_incensus,0
Camponotus_indefessa,0
Camponotus_integellus,0
Camponotus_interjectus,0
Camponotus_invidus,0
Camponotus_irritans,0
Camponotus_itoi,0
Camponotus_iwoensis,0
Camponotus_janforrestae,0
Camponotus_jejuensis,0
Camponotus_kadi,0
Camponotus_keralensis,0
Camponotus_kiesenwetteri,0
Camponotus_kiusiuensis,0
Camponotus_kurdistanicus,0
Camponotus_laevigatus,0
Camponotus_lancifer,0
Camponotus_leonardi,0
Camponotus_ligniperda,0
Camponotus_lignitus,0
Camponotus_longipilis,0
Camponotus_macarangae,0
Camponotus_macilentus,0
Camponotus_mackayensis,0
Camponotus_macrocephalus,0
Camponotus_macromischoides,0
Camponotus_maculatus,0
Camponotus_marianensis,0
Camponotus_maritimus,0
Camponotus_melanoticus,0
Camponotus_melinus,0
Camponotus_mellea,0
Camponotus_merdicola,0
Camponotus_merula,0
Camponotus_micans,0
Camponotus_mirabilis,0
Camponotus_mitis,0
Camponotus_modoc,0
Camponotus_montivagus,0
Camponotus_morosus,0
Camponotus_mutilatus,0
Camponotus_natalensis,0
Camponotus_navigator,0
Camponotus_nawai,0
Camponotus_nearcticus,0
Camponotus_nicobarensis,0
Camponotus_nigriceps,0
Camponotus_nigrifrons,0
Camponotus_nipponensis,0
Camponotus_nipponicus,0
Camponotus_nitidior,0
Camponotus_novaeboracensis,0
Camponotus_nutans,0
Camponotus_nylanderi,0
Camponotus_oasium,0
Camponotus_obliquus,0
Camponotus_oblongus,0
Camponotus_obscuripes,0
Camponotus_olivieri,0
Camponotus_opaciventris,0
Camponotus_owensae,0
Camponotus_papago,0
Camponotus_parabarbatus,0
Camponotus_parius,0
Camponotus_peleliuensis,0
Camponotus_pellax,0
Camponotus_perjurus,0
Camponotus_pilicornis,0
Camponotus_planus,0
Camponotus_polymorphicus,0
Camponotus_pressipes,0
Camponotus_prosseri,0
Camponotus_punctulatus,0
Camponotus_pylartes,0
Camponotus_quadriceps,0
Camponotus_quadrinotatus,0
Camponotus_quadrisectus,0
Camponotus_quercicola,0
Camponotus_rapax,0
Camponotus_rectangularis,0
Camponotus_rectithorax,0
Camponotus_renggeri,0
Camponotus_reticulatus,0
Camponotus_robustus,0
Camponotus_ruber,0
Camponotus_rufifemur,0
Camponotus_rufifrons,0
Camponotus_rufoglaucus,0
Camponotus_rufonigrus,0
Camponotus_samius,0
Camponotus_sanctus,0
Camponotus_sannini,0
Camponotus_sansabeanus,0
Camponotus_santosi,0
Camponotus_saundersi,0
Camponotus_saussurei,0
Camponotus_saxatilis,0
Camponotus_sayi,0
Camponotus_schaefferi,0
Camponotus_schmitzi,0
Camponotus_senex,0
Camponotus_setosus,0
Camponotus_sexguttatus,0
Camponotus_sicheli,0
Camponotus_sklarus,0
Camponotus_socius,0
Camponotus_solon,0
Camponotus_spissinodis,0
Camponotus_subbarbatus,0
Camponotus_sylvaticus,0
Camponotus_taniae,0
Camponotus_terebrans,0
Camponotus_tergestinus,0
Camponotus_testaceipes,0
Camponotus_texens,0
Camponotus_textor,0
Camponotus_thoracicus,0
Camponotus_tokyoensis,0
Camponotus_tonkinus,0
Camponotus_transvaalensis,0
Camponotus_truncatus,0
Camponotus_universitatis,0
Camponotus_vanispinus,0
Camponotus_variegatus,0
Camponotus_vicinus,0
Camponotus_vitiensis,0
Camponotus_vitiosus,0
Camponotus_vittatus,0
Camponotus_vividus,0
Camponotus_wiederkehri,0
Camponotus_xerxes,0
Camponotus_xingdoushanensis,0
Camponotus_yamaokai,0
Camponotus_yessensis,0
Camponotus_zoc,0
Cardiocondyla_atalanta,0
Cardiocondyla_batesii,0
Cardiocondyla_elegans,0
Cardiocondyla_emeryi,0
Cardiocondyla_gallagheri,0
Cardiocondyla_gibbosa,0
Cardiocondyla_kagutsuchi,0
Cardiocondyla_koshewnikovi,0
Cardiocondyla_mauritanica,0
Cardiocondyla_minutior,0
Cardiocondyla_nigra,0
Cardiocondyla_nigrocerea,0
Cardiocondyla_obscurior,0
Cardiocondyla_paradoxa,0
Cardiocondyla_parvinoda,0
Cardiocondyla_pirata,0
Cardiocondyla_shuckardi,0
Cardiocondyla_tiwarii,0
Cardiocondyla_venustula,0
Cardiocondyla_wroughtonii,0
Cardiocondyla_yemeni,0
Carebara_alperti,0
Carebara_arabara,0
Carebara_arabica,0
Carebara_carinata,0
Carebara_castanea,0
Carebara_coeca,0
Carebara_concinna,0
Carebara_coqueta,0
Carebara_distincta,0
Carebara_escherichi,0
Carebara_guineana,0
Carebara_infima,0
Carebara_junodi,0
Carebara_lignata,0
Carebara_octata,0
Carebara_perpusilla,0
Carebara_pisinna,0
Carebara_polita,0
Carebara_rara,0
Carebara_reina,0
Carebara_robertsoni,0
Carebara_sangi,0
Carebara_sarita,0
Carebara_sicheli,0
Carebara_striata,0
Carebara_sudanensis,0
Carebara_tahitiensis,0
Carebara_termitolestes,0
Carebara_vidua,0
Carebara_villiersi,0
Carebara_yamatonis,0
Cataglyphis_acutinodis,0
Cataglyphis_aenescens,0
Cataglyphis_agostii,0
Cataglyphis_albicans,0
Cataglyphis_bicolor,0
Cataglyphis_bombycina,0
Cataglyphis_cugiai,0
Cataglyphis_desertorum,0
Cataglyphis_douwesi,0
Cataglyphis_emmae,0
Cataglyphis_flavitibia,0
Cataglyphis_floricola,0
Cataglyphis_fortis,0
Cataglyphis_glabilabia,0
Cataglyphis_hannae,0
Cataglyphis_harteni,0
Cataglyphis_hispidus,0
Cataglyphis_holgerseni,0
Cataglyphis_humeya,0
Cataglyphis_iberica,0
Cataglyphis_isis,0
Cataglyphis_karakalensis,0
Cataglyphis_laylae,0
Cataglyphis_livida,0
Cataglyphis_lunatica,0
Cataglyphis_machmal,0
Cataglyphis_mauritanica,0
Cataglyphis_nigripes,0
Cataglyphis_nodus,0
Cataglyphis_oasium,0
Cataglyphis_opacior,0
Cataglyphis_oxiana,0
Cataglyphis_rosenhaueri,0
Cataglyphis_sabulosa,0
Cataglyphis_savignyi,0
Cataglyphis_setipes,0
Cataglyphis_shuaibensis,0
Cataglyphis_viatica,0
Cataglyphis_viaticoides,0
Cataglyphis_zakharovi,0
Cataglyphoides_constrictus,0
Cataulacus_erinaceus,0
Cataulacus_guineensis,0
Cataulacus_muticus,0
Cataulacus_setosus,0
Cataulacus_tardus,0
Centromyrmex_alfaroi,0
Centromyrmex_bequaerti,0
Centromyrmex_feae,0
Cephalotes_alfaroi,0
Cephalotes_basalis,0
Cephalotes_clypeatus,0
Cephalotes_cristatus,0
Cephalotes_depressus,0
Cephalotes_goniodontus,0
Cephalotes_insularis,0
Cephalotes_rohweri,0
Cephalotes_specularis,0
Cephalotes_spinosus,0
Cephalotes_squamosus,0
Cephalotes_umbraculatus,0
Cephalotes_varians,0
Cerapachys_aitkenii,0
Cerapachys_alii,0
Cerapachys_anokha,0
Cerapachys_besucheti,0
Cerapachys_biroi,0
Cerapachys_browni,0
Cerapachys_collingwoodi,0
Cerapachys_costatus,0
Cerapachys_doryloides,0
Cerapachys_foreli,0
Cerapachys_fossulatus,0
Cerapachys_fragosus,0
Cerapachys_huode,0
Cerapachys_indicus,0
Cerapachys_jacobsoni,0
Cerapachys_keralensis,0
Cerapachys_lamborni,0
Cerapachys_longitarsus,0
Cerapachys_nayana,0
Cerapachys_peringueyi,0
Cerapachys_piochardi,0
Cerapachys_schoedli,0
Cerapachys_seema,0
Cerapachys_sexspinus,0
Cerapachys_sulcinodis,0
Cerapachys_turneri,0
Cerapachys_typhlus,0
Cerapachys_wighti,0
Chalepoxenus_spinosus,0
Cheliomyrmex_andicola,0
Cheliomyrmex_megalonyx,0
Cheliomyrmex_morosus,0
Chronoxenus_myops,0
Cladomyrma_andrei,0
Cladomyrma_hewitti,0
Cladomyrma_scopulosa,0
Cladomyrma_sirindhornae,0
Crematogaster_abstinens,0
Crematogaster_acuta,0
Crematogaster_aegyptiaca,0
Crematogaster_africana,0
Crematogaster_alafara,0
Crematogaster_algirica,0
Crematogaster_ampla,0
Crematogaster_angusticeps,0
Crematogaster_antaris,0
Crematogaster_anthracina,0
Crematogaster_atkinsoni,0
Crematogaster_auberti,0
Crematogaster_bequaerti,0
Crematogaster_biroi,0
Crematogaster_brevis,0
Crematogaster_brunnea,0
Crematogaster_buchneri,0
Crematogaster_castanea,0
Crematogaster_chiarinii,0
Crematogaster_clara,0
Crematogaster_clariventris,0
Crematogaster_coriaria,0
Crematogaster_degeeri,0
Crematogaster_depressa,0
Crematogaster_dewasi,0
Crematogaster_distans,0
Crematogaster_egidyi,0
Crematogaster_evallans,0
Crematogaster_excisa,0
Crematogaster_ferrarii,0
Crematogaster_flava,0
Crematogaster_fraxatrix,0
Crematogaster_gabonensis,0
Crematogaster_gerstaeckeri,0
Crematogaster_gordani,0
Crematogaster_grevei,0
Crematogaster_hova,0
Crematogaster_impressa,0
Crematogaster_impressiceps,0
Crematogaster_inermis,0
Crematogaster_ionia,0
Crematogaster_irritabilis,0
Crematogaster_jacobsoni,0
Crematogaster_jehovae,0
Crematogaster_kirbii,0
Crematogaster_laestrygon,0
Crematogaster_laeviuscula,0
Crematogaster_larreae,0
Crematogaster_levior,0
Crematogaster_liengmei,0
Crematogaster_longicephala,0
Crematogaster_longiceps,0
Crematogaster_longispina,0
Crematogaster_lorteti,0
Crematogaster_macaoensis,0
Crematogaster_madecassa,0
Crematogaster_mahery,0
Crematogaster_melanogaster,0
Crematogaster_menilekii,0
Crematogaster_minutissima,0
Crematogaster_modiglianii,0
Crematogaster_mormonum,0
Crematogaster_nigropilosa,0
Crematogaster_obscurata,0
Crematogaster_painei,0
Crematogaster_paradoxa,0
Crematogaster_pinicola,0
Crematogaster_polita,0
Crematogaster_politula,0
Crematogaster_pradipi,0
Crematogaster_quadriformis,0
Crematogaster_ranavalonae,0
Crematogaster_ransonneti,0
Crematogaster_reticulata,0
Crematogaster_rochai,0
Crematogaster_rogenhoferi,0
Crematogaster_rudis,0
Crematogaster_sanguinea,0
Crematogaster_schimmeri,0
Crematogaster_schmidti,0
Crematogaster_sericea,0
Crematogaster_sewardi,0
Crematogaster_sordidula,0
Crematogaster_sotobosque,0
Crematogaster_stadelmanni,0
Crematogaster_stollii,0
Crematogaster_striatula,0
Crematogaster_subdentata,0
Crematogaster_subnuda,0
Crematogaster_tenuicula,0
Crematogaster_torosa,0
Crematogaster_tricolor,0
Crematogaster_vagula,0
Crematogaster_vermiculata,0
Crematogaster_vicina,0
Crematogaster_victima,0
Crematogaster_walshi,0
Crematogaster_wellmani,0
Crematogaster_zoceensis,0
Cryptopone_arabica,0
Cryptopone_gilva,0
Cryptopone_ochracea,0
Cryptopone_pseudogigas,0
Cryptopone_recticlypea,0
Cryptopone_sauteri,0
Cryptopone_subterranea,0
Cryptopone_tengu,0
Cryptopone_testacea,0
Ctenobethylus_goepperti,0
Cyatta_abscondita,0
Cylindromyrmex_longiceps,0
Cylindromyrmex_whymperi,0
Cyphomyrmex_andersoni,0
Cyphomyrmex_bicornis,0
Cyphomyrmex_cornutus,0
Cyphomyrmex_costatus,0
Cyphomyrmex_faunulus,0
Cyphomyrmex_foxi,0
Cyphomyrmex_longiscapus,0
Cyphomyrmex_minutus,0
Cyphomyrmex_muelleri,0
Cyphomyrmex_nemei,0
Cyphomyrmex_salvini,0
Cyphomyrmex_snellingi,0
Cyphomyrmex_transversus,0
Cyphomyrmex_wheeleri,0
Dacatria_templaris,0
Daceton_armigerum,0
Daceton_boltoni,0
Decamorium_decem,0
Decamorium_uelense,0
Diacamma_australe,0
Diacamma_ceylonense,0
Diacamma_colosseense,0
Diacamma_cyaneiventre,0
Diacamma_indicum,0
Diacamma_intricatum,0
Diacamma_pallidum,0
Diacamma_scalpratum,0
Diacamma_vagans,0
Diaphoromyrma_sofiae,0
Dicroaspis_cryptocera,0
Dicroaspis_laevidens,0
Dilobocondyla_cataulacoidea,0
Dilobocondyla_didita,0
Dilobocondyla_eguchii,0
Dilobocondyla_escherichi,0
Dilobocondyla_fouqueti,0
Dilobocondyla_gasteroreticulatus,0
Dinoponera_australis,0
Dinoponera_gigantea,0
Dinoponera_grandis,0
Dinoponera_hispida,0
Dinoponera_longipes,0
Dinoponera_lucida,0
Dinoponera_snellingi,0
Discothyrea_antarctica,0
Discothyrea_berlita,0
Discothyrea_bidens,0
Discothyrea_bryanti,0
Discothyrea_isthmica,0
Discothyrea_kamiteta,0
Discothyrea_mixta,0
Discothyrea_remingtoni,0
Discothyrea_sauteri,0
Discothyrea_soesilae,0
Discothyrea_sringerensis,0
Discothyrea_testacea,0
Discothyrea_velutina,0
Dlusskyidris_zherichini,0
Dolichoderus_abruptus,0
Dolichoderus_affinis,0
Dolichoderus_bituberculata,0
Dolichoderus_carbonarius,0
Dolichoderus_cuspidatus,0
Dolichoderus_debilis,0
Dolichoderus_decollatus,0
Dolichoderus_diversus,0
Dolichoderus_flatidorsus,0
Dolichoderus_furcifer,0
Dolichoderus_gagates,0
Dolichoderus_lugens,0
Dolichoderus_lutosus,0
Dolichoderus_mariae,0
Dolichoderus_mazaruni,0
Dolichoderus_patens,0
Dolichoderus_pilosus,0
Dolichoderus_plagiatus,0
Dolichoderus_pustulatus,0
Dolichoderus_quadridenticulatus,0
Dolichoderus_quadripunctatus,0
Dolichoderus_sagmanotus,0
Dolichoderus_shattucki,0
Dolichoderus_squamanodus,0
Dolichoderus_sulcaticeps,0
Dolichoderus_sundari,0
Dolichoderus_taprobanae,0
Dolichoderus_tridentanodus,0
Dolichoderus_tuberifer,0
Dolichoderus_utriensis,0
Dolopomyrmex_pilatus,0
Dorylus_affinis,0
Dorylus_brevipennis,0
Dorylus_fulvus,0
Dorylus_gribodoi,0
Dorylus_helvolus,0
Dorylus_kohli,0
Dorylus_labiatus,0
Dorylus_mayri,0
Dorylus_nigricans,0
Dorylus_orientalis,0
Dorylus_rufescens,0
Dorylus_termitarius,0
Dorylus_wilverthi,0
Dorymyrmex_amazonicus,0
Dorymyrmex_antarcticus,0
Dorymyrmex_biconis,0
Dorymyrmex_breviscapis,0
Dorymyrmex_exsanguis,0
Dorymyrmex_flavus,0
Dorymyrmex_goetschi,0
Dorymyrmex_pyramicus,0
Dorymyrmex_reginicula,0
Dorymyrmex_smithi,0
Dorymyrmex_tuberosus,0
Dorymyrmex_wolffhuegeli,0
Dorymyrmex_xerophylus,0
Echinopla_cherapunjiensis,0
Echinopla_lineata,0
Echinopla_melanarctos,0
Echinopla_mistura,0
Echinopla_pallipes,0
Echinopla_turneri,0
Eciton_burchellii,0
Eciton_dulcium,0
Eciton_hamatum,0
Eciton_lucanoides,0
Eciton_mexicanum,0
Eciton_quadriglume,0
Eciton_rapax,0
Eciton_vagans,0
Ectatomma_goninion,0
Ectatomma_lugens,0
Ectatomma_opaciventre,0
Ectatomma_parasiticum,0
Ectatomma_permagnum,0
Ectatomma_planidens,0
Ectatomma_quadridens,0
Ectatomma_suzanae,0
Ectatomma_vizottoi,0
Ectomomyrmex_annamitus,0
Ectomomyrmex_insulanus,0
Ectomomyrmex_javanus,0
Ectomomyrmex_leeuwenhoeki,0
Ectomomyrmex_sauteri,0
Ectomomyrmex_zhengi,0
Emeryopone_melaina,0
Emeryopone_narendrani,0
Eoformica_expectans,0
Epopostruma_inornata,0
Epopostruma_monstrosa,0
Epopostruma_quadrispinosa,0
Eulithomyrmex_rugosus,0
Eulithomyrmex_striatus,0
Euprenolepis_antespectans,0
Euprenolepis_procera,0
Euprenolepis_wittei,0
Eurhopalothrix_apharogonia,0
Eurhopalothrix_bolaui,0
Eurhopalothrix_cinnamea,0
Eurhopalothrix_depressa,0
Eurhopalothrix_dubia,0
Eurhopalothrix_elke,0
Eurhopalothrix_floridana,0
Eurhopalothrix_heliscata,0
Eurhopalothrix_hoplites,0
Eurhopalothrix_procera,0
Eurhopalothrix_schmidti,0
Eutetramorium_mocquerysi,0
Forelius_andinus,0
Forelius_breviscapus,0
Forelius_chalybaeus,0
Forelius_damiani,0
Forelius_foetida,0
Forelius_macrops,0
Forelius_mccooki,0
Forelius_nigriventris,0
Forelius_pusillus,0
Forelophilus_overbecki,0
Forelophilus_philippinensis,0
Forelophilus_stefanschoedli,0
Formica_adamsi,0
Formica_aerata,0
Formica_altayensis,0
Formica_anatolica,0
Formica_aquilonia,0
Formica_archboldi,0
Formica_aserva,0
Formica_aseta,0
Formica_bradleyi,0
Formica_breviscapa,0
Formica_bruni,0
Formica_calviceps,0
Formica_candida,0
Formica_ciliata,0
Formica_cinerea,0
Formica_cinereofusca,0
Formica_clara,0
Formica_criniventris,0
Formica_curiosa,0
Formica_dachaidanensis,0
Formica_dakotensis,0
Formica_delinghaensis,0
Formica_densiventris,0
Formica_dusmeti,0
Formica_exsectoides,0
Formica_fennica,0
Formica_foreli,0
Formica_forsslundi,0
Formica_frontalis,0
Formica_fukaii,0
Formica_fuscocinerea,0
Formica_georgica,0
Formica_glabridorsis,0
Formica_glauca,0
Formica_gnava,0
Formica_gynocrates,0
Formica_hayashi,0
Formica_ignivora,0
Formica_integra,0
Formica_integroides,0
Formica_laeviceps,0
Formica_limata,0
Formica_liogaster,0
Formica_liopthalma,0
Formica_maculata,0
Formica_malabarica,0
Formica_manchu,0
Formica_mesasiatica,0
Formica_miniocca,0
Formica_montana,0
Formica_neoclara,0
Formica_neorufibarbis,0
Formica_obscuriventris,0
Formica_occulta,0
Formica_opaciventris,0
Formica_opacus,0
Formica_orangea,0
Formica_oreas,0
Formica_paralugubris,0
Formica_pergandei,0
Formica_persica,0
Formica_picea,0
Formica_pilicornis,0
Formica_planipilis,0
Formica_pressilabris,0
Formica_puberula,0
Formica_robusta,0
Formica_rubicunda,0
Formica_selysi,0
Formica_sinensis,0
Formica_spatulata,0
Formica_stenoptera,0
Formica_subelongata,0
Formica_subintegra,0
Formica_subnitens,0
Formica_subpilosa,0
Formica_suecica,0
Formica_tarimica,0
Formica_testaceipes,0
Formica_tianshanica,0
Formica_transkaucasica,0
Formica_truncorum,0
Formica_ulkei,0
Formica_uralensis,0
Formica_villiscapa,0
Formica_vinculans,0
Formica_wheeleri,0
Formica_xerophila,0
Formica_yessensis,0
Formicoxenus_diversipilosus,0
Formicoxenus_hirticornis,0
Formicoxenus_nitidulus,0
Formicoxenus_provancheri,0
Formicoxenus_quebecensis,0
Froggattella_kirbii,0
Furcotanilla_furcomandibula,0
Gesomyrmex_chaperi,0
Gesomyrmex_luzonensis,0
Gesomyrmex_spatulatus,0
Gesomyrmex_tobiasi,0
Gnamptogenys_andersoni,0
Gnamptogenys_annulata,0
Gnamptogenys_aspera,0
Gnamptogenys_aterrima,0
Gnamptogenys_auricula,0
Gnamptogenys_bicolor,0
Gnamptogenys_bruchi,0
Gnamptogenys_cribrata,0
Gnamptogenys_dichotoma,0
Gnamptogenys_enodis,0
Gnamptogenys_flava,0
Gnamptogenys_hartmani,0
Gnamptogenys_horni,0
Gnamptogenys_kempfi,0
Gnamptogenys_lineolata,0
Gnamptogenys_menadensis,0
Gnamptogenys_minuta,0
Gnamptogenys_moelleri,0
Gnamptogenys_nana,0
Gnamptogenys_pleurodon,0
Gnamptogenys_regularis,0
Gnamptogenys_sinensis,0
Gnamptogenys_stellae,0
Gnamptogenys_striatula,0
Gnamptogenys_strigata,0
Gnamptogenys_sulcata,0
Gnamptogenys_tortuolosa,0
Gnamptogenys_triangularis,0
Gnamptogenys_vriesi,0
Gnamptogenys_wilsoni,0
Goniomma_baeticum,0
Goniomma_blanci,0
Goniomma_collingwoodi,0
Goniomma_decipiens,0
Goniomma_hispanicum,0
Goniomma_kugleri,0
Gracilidris_pombero,0
Hagensia_havilandi,0
Harpagoxenus_canadensis,0
Harpagoxenus_sublaevis,0
Harpegnathos_saltator,0
Harpegnathos_venator,0
Heteroponera_angulata,0
Heteroponera_dolo,0
Heteroponera_inca,0
Huberia_striata,0
Hypoponera_abeillei,0
Hypoponera_androgyna,0
Hypoponera_beppin,0
Hypoponera_bondroiti,0
Hypoponera_confinis,0
Hypoponera_distinguenda,0
Hypoponera_dulcis,0
Hypoponera_eduardi,0
Hypoponera_ergatandria,0
Hypoponera_eutrepta,0
Hypoponera_gleadowi,0
Hypoponera_kalakauae,0
Hypoponera_nippona,0
Hypoponera_nitidula,0
Hypoponera_nubatama,0
Hypoponera_opaciceps,0
Hypoponera_opacior,0
Hypoponera_pruinosa,0
Hypoponera_punctatissima,0
Hypoponera_ragusai,0
Hypoponera_sauteri,0
Hypoponera_schauinslandi,0
Hypoponera_tarda,0
Indomyrma_bellae,0
Iridomyrmex_cellarum,0
Iridomyrmex_gracilis,0
Iridomyrmex_spodipilus,0
Iridomyrmex_suchieri,0
Iridomyrmex_viridigaster,0
Iroponera_odax,0
Kartidris_ashima,0
Kartidris_fujianensis,0
Kartidris_galos,0
Labidus_coecus,0
Labidus_mars,0
Labidus_nero,0
Lachnomyrmex_grandis,0
Lachnomyrmex_plaumanni,0
Lasiomyrma_wiwatwitayai,0
Lasiophanes_picinus,0
Lasiophanes_valdiviensis,0
Lasius_affinis,0
Lasius_alienoflavus,0
Lasius_austriacus,0
Lasius_balcanicus,0
Lasius_balearicus,0
Lasius_bicornis,0
Lasius_breviscapus,0
Lasius_brunneus,0
Lasius_capitatus,0
Lasius_carniolicus,0
Lasius_cinereus,0
Lasius_citrinus,0
Lasius_claviger,0
Lasius_crinitus,0
Lasius_crispus,0
Lasius_crypticus,0
Lasius_distinguendus,0
Lasius_elevatus,0
Lasius_fuji,0
Lasius_gebaueri,0
Lasius_hayashi,0
Lasius_himalayanus,0
Lasius_interjectus,0
Lasius_jensi,0
Lasius_lasioides,0
Lasius_latipes,0
Lasius_longicirrus,0
Lasius_magnus,0
Lasius_meridionalis,0
Lasius_mikir,0
Lasius_minutus,0
Lasius_mixtus,0
Lasius_morisitai,0
Lasius_myops,0
Lasius_neglectus,0
Lasius_neoniger,0
Lasius_nipponensis,0
Lasius_nitidigaster,0
Lasius_orientalis,0
Lasius_piliferus,0
Lasius_productus,0
Lasius_przewalskii,0
Lasius_psammophilus,0
Lasius_rabaudi,0
Lasius_reginae,0
Lasius_sabularum,0
Lasius_sakagamii,0
Lasius_speculiventris,0
Lasius_talpa,0
Lasius_turcicus,0
Lasius_umbratus,0
Lasius_viehmeyeri,0
Lasius_wittmeri,0
Lasius_xerophilus,0
Lenomyrmex_colwelli,0
Lenomyrmex_inusitatus,0
Lepisiota_cacozela,0
Lepisiota_crinita,0
Lepisiota_dammama,0
Lepisiota_dhofara,0
Lepisiota_dolabellae,0
Lepisiota_elegantissima,0
Lepisiota_frauenfeldi,0
Lepisiota_gracilicornis,0
Lepisiota_harteni,0
Lepisiota_incisa,0
Lepisiota_melas,0
Lepisiota_modesta,0
Lepisiota_nigra,0
Lepisiota_obtusa,0
Lepisiota_oculata,0
Lepisiota_opaciventris,0
Lepisiota_riyadha,0
Lepisiota_rothneyi,0
Lepisiota_syriaca,0
Leptanilla_alexandri,0
Leptanilla_bifurcata,0
Leptanilla_escheri,0
Leptanilla_hunanensis,0
Leptanilla_israelis,0
Leptanilla_japonica,0
Leptanilla_judaica,0
Leptanilla_kunmingensis,0
Leptanilla_lamellata,0
Leptanilla_morimotoi,0
Leptanilla_palauensis,0
Leptanilla_poggii,0
Leptanilla_revelierii,0
Leptanilla_taiwanensis,0
Leptanilla_tanakai,0
Leptanilla_theryi,0
Leptanilla_yunnanensis,0
Leptanilloides_atlantica,0
Leptanilloides_biconstricta,0
Leptanilloides_femoralis,0
Leptanilloides_gracilis,0
Leptanilloides_mckennae,0
Leptanilloides_nomada,0
Leptogenys_attenuata,0
Leptogenys_birmana,0
Leptogenys_borneensis,0
Leptogenys_breviceps,0
Leptogenys_camerunensis,0
Leptogenys_chinensis,0
Leptogenys_diminuta,0
Leptogenys_elongata,0
Leptogenys_falcigera,0
Leptogenys_huapingensis,0
Leptogenys_jeanettei,0
Leptogenys_khammouanensis,0
Leptogenys_kitteli,0
Leptogenys_kraepelini,0
Leptogenys_lattkei,0
Leptogenys_longiscapa,0
Leptogenys_maxillosa,0
Leptogenys_mexicana,0
Leptogenys_mutabilis,0
Leptogenys_nitida,0
Leptogenys_ocellifera,0
Leptogenys_peninsularis,0
Leptogenys_peuqueti,0
Leptogenys_processionalis,0
Leptogenys_punctaticeps,0
Leptogenys_schwabi,0
Leptogenys_stenocheilos,0
Leptogenys_stuhlmanni,0
Leptogenys_testacea,0
Leptogenys_transitionis,0
Leptogenys_tricosa,0
Leptogenys_vinsonnella,0
Leptogenys_wheeleri,0
Leptogenys_yerburyi,0
Leptomyrmex_flavitarsus,0
Leptomyrmex_pallens,0
Leptothorax_acervorum,0
Leptothorax_arimensis,0
Leptothorax_calderoni,0
Leptothorax_faberi,0
Leptothorax_goesswaldi,0
Leptothorax_gredleri,0
Leptothorax_kutteri,0
Leptothorax_muscorum,0
Leptothorax_oceanicus,0
Leptothorax_paraxenus,0
Leptothorax_scamni,0
Leptothorax_wilsoni,0
Leptothorax_zhengi,0
Linepithema_angulatum,0
Linepithema_inacatum,0
Linepithema_iniquum,0
Linepithema_micans,0
Linepithema_neotropicum,0
Linepithema_piliferum,0
Liometopum_lindgreeni,0
Liometopum_luctuosum,0
Liometopum_microcephalum,0
Liometopum_orientale,0
Liometopum_sinense,0
Liomyrmex_gestroi,0
Lophomyrmex_ambiguus,0
Lophomyrmex_birmanus,0
Lophomyrmex_changlangensis,0
Lophomyrmex_kali,0
Lophomyrmex_longicornis,0
Lophomyrmex_quadrispinosus,0
Lophomyrmex_taivanae,0
Lophomyrmex_terraceensis,0
Lordomyrma_azumai,0
Lordomyrma_caledonica,0
Lordomyrma_crawleyi,0
Lordomyrma_lakshmi,0
Lordomyrma_reticulata,0
Lordomyrma_rugosa,0
Lordomyrma_taylori,0
Lordomyrma_tortuosa,0
Loweriella_boltoni,0
Malagidris_sofina,0
Manica_bradleyi,0
Manica_mutica,0
Manica_parasitica,0
Manica_rubida,0
Manica_yessensis,0
Martialis_heureka,0
Mayriella_abstinens,0
Mayriella_granulata,0
Mayriella_occidua,0
Mayriella_overbecki,0
Mayriella_transfuga,0
Mayriella_warchalowskii,0
Megalomyrmex_adamsae,0
Megalomyrmex_balzani,0
Megalomyrmex_bidentatus,0
Megalomyrmex_drifti,0
Megalomyrmex_foreli,0
Megalomyrmex_goeldii,0
Megalomyrmex_modestus,0
Megalomyrmex_mondabora,0
Megalomyrmex_mondaboroides,0
Megalomyrmex_silvestrii,0
Megalomyrmex_symmetochus,0
Megalomyrmex_wettereri,0
Melissotarsus_beccarii,0
Melissotarsus_emeryi,0
Melissotarsus_insularis,0
Melophorus_aeneovirens,0
Melophorus_bagoti,0
Melophorus_iridescens,0
Meranoplus_ajax,0
Meranoplus_beatoni,0
Meranoplus_bicolor,0
Meranoplus_birmanus,0
Meranoplus_castaneus,0
Meranoplus_curvispina,0
Meranoplus_diversus,0
Meranoplus_glaber,0
Meranoplus_hirsutus,0
Meranoplus_mars,0
Meranoplus_minimus,0
Meranoplus_mucronatus,0
Meranoplus_parviumgulatus,0
Meranoplus_puryi,0
Meranoplus_raripilis,0
Mesoponera_caffraria,0
Mesoponera_melanaria,0
Mesostruma_spinosa,0
Messor_abdelazizi,0
Messor_aciculatus,0
Messor_aegyptiacus,0
Messor_angularis,0
Messor_antennatus,0
Messor_aralocaspius,0
Messor_arenarius,0
Messor_berbericus,0
Messor_boyeri,0
Messor_buettikeri,0
Messor_caducus,0
Messor_caviceps,0
Messor_celiae,0
Messor_cephalotes,0
Messor_chicoensis,0
Messor_denticulatus,0
Messor_ebeninus,0
Messor_eglalae,0
Messor_erectus,0
Messor_ferreri,0
Messor_foreli,0
Messor_galla,0
Messor_hismai,0
Messor_hispanicus,0
Messor_hoggarensis,0
Messor_intermedius,0
Messor_lobicornis,0
Messor_luridus,0
Messor_lusitanicus,0
Messor_marocanus,0
Messor_meridionalis,0
Messor_muraywahus,0
Messor_muscatus,0
Messor_oertzeni,0
Messor_orientalis,0
Messor_picturatus,0
Messor_regalis,0
Messor_rufitarsis,0
Messor_rugosus,0
Messor_sanctus,0
Messor_sanganus,0
Messor_striativentris,0
Messor_striatulus,0
Messor_timidus,0
Messor_vaucheri,0
Messor_wasmanni,0
Metapone_hewitti,0
Metapone_madagascarica,0
Metapone_quadridentata,0
Metapone_vincimus,0
Monomorium_abeillei,0
Monomorium_acutinode,0
Monomorium_aeyade,0
Monomorium_aithoderum,0
Monomorium_albopilosum,0
Monomorium_algiricum,0
Monomorium_antarcticum,0
Monomorium_antipodum,0
Monomorium_asiriense,0
Monomorium_baushare,0
Monomorium_bicolor,0
Monomorium_boltoni,0
Monomorium_brunneolucidulum,0
Monomorium_buettikeri,0
Monomorium_carbonarium,0
Monomorium_chinense,0
Monomorium_concolor,0
Monomorium_creticum,0
Monomorium_dammame,0
Monomorium_delagoense,0
Monomorium_denticulatum,0
Monomorium_dichroum,0
Monomorium_dirie,0
Monomorium_dryhimi,0
Monomorium_ebeninum,0
Monomorium_ergatogyna,0
Monomorium_exiguum,0
Monomorium_fayfaense,0
Monomorium_fezzanense,0
Monomorium_fieldi,0
Monomorium_floricola,0
Monomorium_fridae,0
Monomorium_hanaqe,0
Monomorium_hanneli,0
Monomorium_hemame,0
Monomorium_holothir,0
Monomorium_indicum,0
Monomorium_jizane,0
Monomorium_knappi,0
Monomorium_latinode,0
Monomorium_leae,0
Monomorium_libanicum,0
Monomorium_liliuokalanii,0
Monomorium_madecassum,0
Monomorium_mahyoubi,0
Monomorium_majarishe,0
Monomorium_marmule,0
Monomorium_matame,0
Monomorium_minimum,0
Monomorium_mintiribe,0
Monomorium_minutum,0
Monomorium_moathi,0
Monomorium_najrane,0
Monomorium_niloticum,0
Monomorium_nimihil,0
Monomorium_occidaneum,0
Monomorium_opacum,0
Monomorium_orientale,0
Monomorium_pseudoepixenus,0
Monomorium_qarahe,0
Monomorium_ruzskyi,0
Monomorium_salomonis,0
Monomorium_sarawatensis,0
Monomorium_schurri,0
Monomorium_smithii,0
Monomorium_subcomae,0
Monomorium_subopacum,0
Monomorium_termitobium,0
Monomorium_triviale,0
Monomorium_venustum,0
Monomorium_willowmorense,0
Monomorium_wilsoni,0
Mycetagroicus_cerradensis,0
Mycetagroicus_inflatus,0
Mycetagroicus_triangularis,0
Mycetagroicus_urbanus,0
Mycetarotes_parallelus,0
Mycetophylax_brittoni,0
Mycetophylax_conformis,0
Mycetophylax_morschi,0
Mycetophylax_simplex,0
Mycetosoritis_clorindae,0
Mycetosoritis_explicata,0
Mycetosoritis_hartmanni,0
Mycetosoritis_vinsoni,0
Mycocepurus_castrator,0
Mycocepurus_smithii,0
Myopias_conicara,0
Myopias_emeryi,0
Myopias_maligna,0
Myopias_shivalikensis,0
Myopias_tasmaniensis,0
Myopopone_castanea,0
Myrmecia_apicalis,0
Myrmecia_banksi,0
Myrmecia_brevinoda,0
Myrmecia_croslandi,0
Myrmecia_desertorum,0
Myrmecia_dispar,0
Myrmecia_flavicoma,0
Myrmecia_forficata,0
Myrmecia_froggatti,0
Myrmecia_fulvipes,0
Myrmecia_gratiosa,0
Myrmecia_gulosa,0
Myrmecia_inquilina,0
Myrmecia_ludlowi,0
Myrmecia_michaelseni,0
Myrmecia_nigriceps,0
Myrmecia_nigriscapa,0
Myrmecia_nigrocincta,0
Myrmecia_pavida,0
Myrmecia_pilosula,0
Myrmecia_pyriformis,0
Myrmecia_regularis,0
Myrmecia_simillima,0
Myrmecia_tarsata,0
Myrmecia_urens,0
Myrmecia_varians,0
Myrmecia_vindex,0
Myrmecina_americana,0
Myrmecina_cacabau,0
Myrmecina_flava,0
Myrmecina_graminicola,0
Myrmecina_guangxiensis,0
Myrmecina_nipponica,0
Myrmecina_striata,0
Myrmecina_taiwana,0
Myrmecocystus_christineae,0
Myrmecocystus_depilis,0
Myrmecocystus_flaviceps,0
Myrmecocystus_hammettensis,0
Myrmecocystus_melliger,0
Myrmecocystus_mendax,0
Myrmecocystus_mexicanus,0
Myrmelachista_ambigua,0
Myrmelachista_catharinae,0
Myrmelachista_gagatina,0
Myrmelachista_gallicola,0
Myrmelachista_goetschi,0
Myrmelachista_nodigera,0
Myrmelachista_plebecula,0
Myrmelachista_ramulorum,0
Myrmelachista_ruszkii,0
Myrmica_adrijae,0
Myrmica_afghanica,0
Myrmica_alaskensis,0
Myrmica_americana,0
Myrmica_anatolica,0
Myrmica_angulinodis,0
Myrmica_arnoldii,0
Myrmica_bactriana,0
Myrmica_bergi,0
Myrmica_bibikoffi,0
Myrmica_caeca,0
Myrmica_caucasicola,0
Myrmica_commarginata,0
Myrmica_constricta,0
Myrmica_curiosa,0
Myrmica_curvispinosa,0
Myrmica_curvithorax,0
Myrmica_daurica,0
Myrmica_deplanata,0
Myrmica_eidmanni,0
Myrmica_elbrusi,0
Myrmica_elmesi,0
Myrmica_ereptrix,0
Myrmica_excelsa,0
Myrmica_forcipata,0
Myrmica_fortior,0
Myrmica_gallienii,0
Myrmica_gigantea,0
Myrmica_glacialis,0
Myrmica_hecate,0
Myrmica_hellenica,0
Myrmica_hirsuta,0
Myrmica_incompleta,0
Myrmica_inezae,0
Myrmica_intermedia,0
Myrmica_jennyae,0
Myrmica_jessensis,0
Myrmica_kabylica,0
Myrmica_kamtschatica,0
Myrmica_karavajevi,0
Myrmica_kasczenkoi,0
Myrmica_kirbii,0
Myrmica_koreana,0
Myrmica_kothiensis,0
Myrmica_kurokii,0
Myrmica_lampra,0
Myrmica_laurae,0
Myrmica_lemasnei,0
Myrmica_lobifrons,0
Myrmica_lobulicornis,0
Myrmica_lonae,0
Myrmica_longisculpta,0
Myrmica_luteola,0
Myrmica_mixta,0
Myrmica_nefaria,0
Myrmica_nodicornis,0
Myrmica_pararitae,0
Myrmica_pelops,0
Myrmica_pinetorum,0
Myrmica_pisarskii,0
Myrmica_poldii,0
Myrmica_polyglypta,0
Myrmica_pseudorugosa,0
Myrmica_radchenkoi,0
Myrmica_ravasinii,0
Myrmica_religiosa,0
Myrmica_rigatoi,0
Myrmica_ritae,0
Myrmica_rudis,0
Myrmica_rugosa,0
Myrmica_rupestris,0
Myrmica_salina,0
Myrmica_saposhnikovi,0
Myrmica_schencki,0
Myrmica_schoedli,0
Myrmica_sinoschencki,0
Myrmica_slovaca,0
Myrmica_smythiesii,0
Myrmica_specioides,0
Myrmica_striolagaster,0
Myrmica_sulcinodis,0
Myrmica_symbiotica,0
Myrmica_taediosa,0
Myrmica_tahoensis,0
Myrmica_taibaiensis,0
Myrmica_tamarae,0
Myrmica_tenuispina,0
Myrmica_transsibirica,0
Myrmica_tulinae,0
Myrmica_urbanii,0
Myrmica_vandeli,0
Myrmica_weberi,0
Myrmica_weii,0
Myrmica_xavieri,0
Myrmicaria_arachnoides,0
Myrmicaria_melanogaster,0
Myrmicaria_natalensis,0
Myrmicaria_opaciventris,0
Myrmicaria_striata,0
Myrmicocrypta_bucki,0
Myrmicocrypta_camargoi,0
Myrmicocrypta_ednaella,0
Myrmicocrypta_erectapilosa,0
Myrmoteras_arcoelinae,0
Myrmoteras_baslerorum,0
Myrmoteras_binghamii,0
Myrmoteras_brigitteae,0
Myrmoteras_concolor,0
Myrmoteras_cuneonodum,0
Myrmoteras_danieli,0
Myrmoteras_elfeorum,0
Myrmoteras_estrudae,0
Myrmoteras_iriodum,0
Myrmoteras_ivani,0
Myrmoteras_jaitrongi,0
Myrmoteras_marianneae,0
Myrmoteras_maudeae,0
Myrmoteras_namphuong,0
Myrmoteras_nicoletteae,0
Myrmoteras_opalinum,0
Myrmoteras_susanneae,0
Myrmoteras_tomimasai,0
Myrmoteras_tonboli,0
Myrmoteras_toro,0
Myrmoxenus_kraussei,0
Myrmoxenus_tamarae,0
Mystrium_barrybressleri,0
Mystrium_camillae,0
Mystrium_leonie,0
Mystrium_maren,0
Mystrium_mysticum,0
Mystrium_oberthueri,0
Mystrium_rogeri,0
Nebothriomyrmex_majeri,0
Neivamyrmex_agilis,0
Neivamyrmex_albacorpus,0
Neivamyrmex_baylori,0
Neivamyrmex_carolinensis,0
Neivamyrmex_chamelensis,0
Neivamyrmex_compressinodis,0
Neivamyrmex_crassiscapus,0
Neivamyrmex_curvinotus,0
Neivamyrmex_digitistipus,0
Neivamyrmex_dorbignii,0
Neivamyrmex_enzmanni,0
Neivamyrmex_fuscipennis,0
Neivamyrmex_halidaii,0
Neivamyrmex_harrisii,0
Neivamyrmex_hetschkoi,0
Neivamyrmex_impudens,0
Neivamyrmex_iridescens,0
Neivamyrmex_legionis,0
Neivamyrmex_leonardi,0
Neivamyrmex_melshaemeri,0
Neivamyrmex_moseri,0
Neivamyrmex_nigrescens,0
Neivamyrmex_nordenskioldii,0
Neivamyrmex_nyensis,0
Neivamyrmex_opacithorax,0
Neivamyrmex_pertii,0
Neivamyrmex_pilosus,0
Neivamyrmex_punctaticeps,0
Neivamyrmex_raptans,0
Neivamyrmex_raptor,0
Neivamyrmex_rugulosus,0
Neivamyrmex_schmitti,0
Neivamyrmex_sumichrasti,0
Neivamyrmex_swainsonii,0
Neivamyrmex_texanus,0
Neivamyrmex_wheeleri,0
Neoponera_unidentata,0
Neoponera_villosa,0
Nesomyrmex_asper,0
Nesomyrmex_echinatinodis,0
Nesomyrmex_pittieri,0
Nesomyrmex_spininodis,0
Nesomyrmex_tristani,0
Nesomyrmex_vargasi,0
Nomamyrmex_esenbeckii,0
Nothomyrmecia_macrops,0
Notoncus_capitatus,0
Notoncus_hickmani,0
Notostigma_carazzii,0
Nylanderia_amia,0
Nylanderia_arenivaga,0
Nylanderia_assimilis,0
Nylanderia_boltoni,0
Nylanderia_bourbonica,0
Nylanderia_dugasi,0
Nylanderia_faisonensis,0
Nylanderia_fulva,0
Nylanderia_jaegerskioeldi,0
Nylanderia_pubens,0
Nylanderia_pygmaea,0
Nylanderia_smythiesii,0
Nylanderia_steinheili,0
Nylanderia_terricola,0
Nylanderia_troglodytes,0
Nylanderia_usambarica,0
Ochetellus_flavipes,0
Ochetomyrmex_bolivianus,0
Ochetomyrmex_neopolitus,0
Ochetomyrmex_semipolitus,0
Octostruma_balzani,0
Octostruma_barberi,0
Octostruma_iheringi,0
Octostruma_impressa,0
Octostruma_lutzi,0
Octostruma_rugifera,0
Octostruma_wheeleri,0
Ocymyrmex_barbiger,0
Ocymyrmex_foreli,0
Ocymyrmex_hirsutus,0
Ocymyrmex_laticeps,0
Ocymyrmex_robustior,0
Ocymyrmex_weitzeckeri,0
Odontomachus_affinis,0
Odontomachus_biumbonatus,0
Odontomachus_bradleyi,0
Odontomachus_clarus,0
Odontomachus_coquereli,0
Odontomachus_insularis,0
Odontomachus_kuroiwae,0
Odontomachus_mayi,0
Odontomachus_meinerti,0
Odontomachus_monticola,0
Odontomachus_mormo,0
Odontomachus_opaciventris,0
Odontomachus_relictus,0
Odontomachus_rixosus,0
Odontomachus_ruginodis,0
Odontomachus_scalptus,0
Odontomachus_schoedli,0
Odontomachus_simillimus,0
Odontomachus_troglodytes,0
Odontomachus_turneri,0
Odontoponera_denticulata,0
Onychomyrmex_hedleyi,0
Ophthalmopone_berthoudi,0
Opisthopsis_haddoni,0
Opisthopsis_pictus,0
Orectognathus_rostratus,0
Orectognathus_versicolor,0
Oxyepoecus_bidentatus,0
Oxyepoecus_browni,0
Oxyepoecus_bruchi,0
Oxyepoecus_inquilinus,0
Oxyepoecus_myops,0
Oxyepoecus_punctifrons,0
Oxyepoecus_striatus,0
Oxyepoecus_vezenyii,0
Oxyopomyrmex_emeryi,0
Oxyopomyrmex_krueperi,0
Oxyopomyrmex_santschii,0
Oxyopomyrmex_saulcyi,0
Pachycondyla_crassinoda,0
Pachycondyla_impressa,0
Pachycondyla_sculpturata,0
Pachycondyla_subversa,0
Papyrius_nitidus,0
Paraparatrechina_glabra,0
Paraparatrechina_illusio,0
Paraparatrechina_oceanica,0
Paraparatrechina_sauteri,0
Paratopula_ankistra,0
Paratopula_catocha,0
Paratopula_ceylonica,0
Paratopula_demeta,0
Paratopula_macta,0
Paratrechina_gracilescens,0
Paratrechina_kohli,0
Paratrechina_zanjensis,0
Perissomyrmex_bidentatus,0
Perissomyrmex_monticola,0
Perissomyrmex_snyderi,0
Peronomyrmex_overbecki,0
Phalacromyrmex_fugax,0
Phasmomyrmex_paradoxus,0
Phasmomyrmex_polyrhachioides,0
Pheidole_aberrans,0
Pheidole_absurda,0
Pheidole_adrianoi,0
Pheidole_ambigua,0
Pheidole_anastasii,0
Pheidole_annexa,0
Pheidole_antillana,0
Pheidole_aphrasta,0
Pheidole_arctos,0
Pheidole_aspidata,0
Pheidole_aurea,0
Pheidole_bahai,0
Pheidole_batrachorum,0
Pheidole_bicarinata,0
Pheidole_bilimeki,0
Pheidole_calens,0
Pheidole_californica,0
Pheidole_cameroni,0
Pheidole_ceres,0
Pheidole_christinae,0
Pheidole_clementensis,0
Pheidole_clydei,0
Pheidole_colobopsis,0
Pheidole_constanciae,0
Pheidole_constipata,0
Pheidole_coracina,0
Pheidole_coveri,0
Pheidole_crassinoda,0
Pheidole_creightoni,0
Pheidole_cubaensis,0
Pheidole_darwini,0
Pheidole_dea,0
Pheidole_defecta,0
Pheidole_dentigula,0
Pheidole_diversipilosa,0
Pheidole_dugasi,0
Pheidole_embolopyx,0
Pheidole_exigua,0
Pheidole_fadli,0
Pheidole_feae,0
Pheidole_fervens,0
Pheidole_fiorii,0
Pheidole_flavens,0
Pheidole_flaveria,0
Pheidole_gatesi,0
Pheidole_gilvescens,0
Pheidole_glabrella,0
Pheidole_guerrerana,0
Pheidole_guineensis,0
Pheidole_heliosa,0
Pheidole_hirtula,0
Pheidole_hongkongensis,0
Pheidole_hortensis,0
Pheidole_hyatti,0
Pheidole_innupta,0
Pheidole_inquilina,0
Pheidole_jamaicensis,0
Pheidole_jelskii,0
Pheidole_jordanica,0
Pheidole_knowlesi,0
Pheidole_longipes,0
Pheidole_longiscapa,0
Pheidole_longispinosa,0
Pheidole_lucioccipitalis,0
Pheidole_micula,0
Pheidole_militicida,0
Pheidole_minima,0
Pheidole_minuscula,0
Pheidole_moerens,0
Pheidole_mus,0
Pheidole_mutisi,0
Pheidole_neokohli,0
Pheidole_neolongiscapa,0
Pheidole_nietneri,0
Pheidole_nimba,0
Pheidole_nitidula,0
Pheidole_nodgii,0
Pheidole_nodifera,0
Pheidole_nubila,0
Pheidole_obscurithorax,0
Pheidole_obtusopilosa,0
Pheidole_obtusospinosa,0
Pheidole_oceanica,0
Pheidole_oliveirai,0
Pheidole_oswaldi,0
Pheidole_oxyops,0
Pheidole_paiute,0
Pheidole_parva,0
Pheidole_parvicorpus,0
Pheidole_peguensis,0
Pheidole_pennsylvanica,0
Pheidole_peregrina,0
Pheidole_pilifera,0
Pheidole_pinealis,0
Pheidole_plagiaria,0
Pheidole_planifrons,0
Pheidole_protensa,0
Pheidole_providens,0
Pheidole_proxima,0
Pheidole_pulchella,0
Pheidole_punctatissima,0
Pheidole_punctulata,0
Pheidole_pusilla,0
Pheidole_quadricuspis,0
Pheidole_quinata,0
Pheidole_rebeccae,0
Pheidole_recondita,0
Pheidole_rhea,0
Pheidole_rinae,0
Pheidole_risii,0
Pheidole_roberti,0
Pheidole_roosevelti,0
Pheidole_rugulosa,0
Pheidole_sabahna,0
Pheidole_sauberi,0
Pheidole_scalaris,0
Pheidole_schoedli,0
Pheidole_sciophila,0
Pheidole_sculpturata,0
Pheidole_selathorax,0
Pheidole_semidea,0
Pheidole_setosa,0
Pheidole_sexspinosa,0
Pheidole_simonsi,0
Pheidole_sinaitica,0
Pheidole_singaporensis,0
Pheidole_smythiesii,0
Pheidole_soesilae,0
Pheidole_soritis,0
Pheidole_spadonia,0
Pheidole_subaberrans,0
Pheidole_subarmata,0
Pheidole_susannae,0
Pheidole_symbiotica,0
Pheidole_synanthropica,0
Pheidole_synarmata,0
Pheidole_taivanensis,0
Pheidole_tasmaniensis,0
Pheidole_teneriffana,0
Pheidole_tepicana,0
Pheidole_terraceensis,0
Pheidole_terresi,0
Pheidole_tetra,0
Pheidole_tisiphone,0
Pheidole_titanis,0
Pheidole_tjibodana,0
Pheidole_triconstricta,0
Pheidole_tysoni,0
Pheidole_umbonata,0
Pheidole_vallifica,0
Pheidole_variabilis,0
Pheidole_vistana,0
Pheidole_wheelerorum,0
Pheidole_williamsi,0
Pheidole_xanthogaster,0
Pheidole_xerophila,0
Pheidole_yeensis,0
Philidris_cordata,0
Philidris_nagasau,0
Philidris_notiala,0
Phrynoponera_gabonensis,0
Plagiolepis_abyssinica,0
Plagiolepis_alluaudi,0
Plagiolepis_ampeloni,0
Plagiolepis_augusti,0
Plagiolepis_breviscapa,0
Plagiolepis_brunni,0
Plagiolepis_cardiocarenis,0
Plagiolepis_foreli,0
Plagiolepis_grassei,0
Plagiolepis_karawajewi,0
Plagiolepis_pallescens,0
Plagiolepis_schmitzii,0
Plagiolepis_taurica,0
Plagiolepis_vindobonensis,0
Plagiolepis_xene,0
Platythyrea_arnoldi,0
Platythyrea_clypeata,0
Platythyrea_conradti,0
Platythyrea_cribrinodis,0
Platythyrea_exigua,0
Platythyrea_lamellosa,0
Platythyrea_modesta,0
Platythyrea_parallela,0
Platythyrea_pilosula,0
Platythyrea_prizo,0
Platythyrea_punctata,0
Platythyrea_quadridenta,0
Platythyrea_schultzei,0
Platythyrea_strenua,0
Plectroctena_mandibularis,0
Plectroctena_minor,0
Podomyrma_adelaidae,0
Podomyrma_elongata,0
Poecilomyrma_myrmecodiae,0
Poecilomyrma_senirewae,0
Pogonomyrmex_anergismus,0
Pogonomyrmex_anzensis,0
Pogonomyrmex_apache,0
Pogonomyrmex_barbatus,0
Pogonomyrmex_bicolor,0
Pogonomyrmex_bispinosus,0
Pogonomyrmex_colei,0
Pogonomyrmex_comanche,0
Pogonomyrmex_crudelis,0
Pogonomyrmex_desertorum,0
Pogonomyrmex_hoelldobleri,0
Pogonomyrmex_humerotumidus,0
Pogonomyrmex_imberbiculus,0
Pogonomyrmex_inermis,0
Pogonomyrmex_magnacanthus,0
Pogonomyrmex_maricopa,0
Pogonomyrmex_mayri,0
Pogonomyrmex_mendozanus,0
Pogonomyrmex_mohavensis,0
Pogonomyrmex_molefaciens,0
Pogonomyrmex_montanus,0
Pogonomyrmex_naegelii,0
Pogonomyrmex_odoratus,0
Pogonomyrmex_pronotalis,0
Pogonomyrmex_rastratus,0
Pogonomyrmex_salinus,0
Pogonomyrmex_schmitti,0
Pogonomyrmex_snellingi,0
Pogonomyrmex_stefani,0
Pogonomyrmex_striatinodus,0
Pogonomyrmex_subdentatus,0
Pogonomyrmex_texanus,0
Pogonomyrmex_vermiculatus,0
Pogonomyrmex_wheeleri,0
Polyergus_breviceps,0
Polyergus_lucidus,0
Polyergus_mexicanus,0
Polyergus_nigerrimus,0
Polyergus_rufescens,0
Polyergus_samurai,0
Polyergus_texana,0
Polyrhachis_alphea,0
Polyrhachis_ammon,0
Polyrhachis_arachne,0
Polyrhachis_arcuata,0
Polyrhachis_bellicosa,0
Polyrhachis_bicolor,0
Polyrhachis_bihamata,0
Polyrhachis_bispinosa,0
Polyrhachis_busiris,0
Polyrhachis_ceramensis,0
Polyrhachis_cheesmanae,0
Polyrhachis_conops,0
Polyrhachis_constricta,0
Polyrhachis_continua,0
Polyrhachis_cryptoceroides,0
Polyrhachis_cyaniventris,0
Polyrhachis_debilis,0
Polyrhachis_decemdentata,0
Polyrhachis_dispar,0
Polyrhachis_dives,0
Polyrhachis_dolomedes,0
Polyrhachis_dorowi,0
Polyrhachis_equina,0
Polyrhachis_flavibasis,0
Polyrhachis_fornicata,0
Polyrhachis_furcata,0
Polyrhachis_fuscipes,0
Polyrhachis_gagates,0
Polyrhachis_gravis,0
Polyrhachis_grisescens,0
Polyrhachis_guerini,0
Polyrhachis_halidayi,0
Polyrhachis_hashimotoi,0
Polyrhachis_hauxwelli,0
Polyrhachis_hector,0
Polyrhachis_hexacantha,0
Polyrhachis_hippomanes,0
Polyrhachis_hirta,0
Polyrhachis_hodgsoni,0
Polyrhachis_horacei,0
Polyrhachis_illaudata,0
Polyrhachis_inconspicua,0
Polyrhachis_inusitata,0
Polyrhachis_javanica,0
Polyrhachis_kellyi,0
Polyrhachis_laboriosa,0
Polyrhachis_lacteipennis,0
Polyrhachis_lama,0
Polyrhachis_latispina,0
Polyrhachis_longipes,0
Polyrhachis_loweryi,0
Polyrhachis_luteogaster,0
Polyrhachis_maryatiae,0
Polyrhachis_menozzii,0
Polyrhachis_militaris,0
Polyrhachis_mitrata,0
Polyrhachis_moesta,0
Polyrhachis_muara,0
Polyrhachis_muelleri,0
Polyrhachis_narendrani,0
Polyrhachis_nigriceps,0
Polyrhachis_palaearctica,0
Polyrhachis_parabiotica,0
Polyrhachis_paracamponota,0
Polyrhachis_proxima,0
Polyrhachis_pruinosa,0
Polyrhachis_pseudothrinax,0
Polyrhachis_punjabi,0
Polyrhachis_queenslandica,0
Polyrhachis_rastellata,0
Polyrhachis_relucens,0
Polyrhachis_rufipes,0
Polyrhachis_rufofemorata,0
Polyrhachis_schang,0
Polyrhachis_schellerichae,0
Polyrhachis_schistacea,0
Polyrhachis_semipolita,0
Polyrhachis_sericeopubescens,0
Polyrhachis_smithersi,0
Polyrhachis_sokolova,0
Polyrhachis_spinosa,0
Polyrhachis_stitzi,0
Polyrhachis_striata,0
Polyrhachis_textor,0
Polyrhachis_thompsoni,0
Polyrhachis_thrinax,0
Polyrhachis_tianjingshanensis,0
Polyrhachis_tibialis,0
Polyrhachis_tricuspis,0
Polyrhachis_tyrannica,0
Polyrhachis_vanachterbergi,0
Polyrhachis_vicina,0
Polyrhachis_viehmeyeri,0
Polyrhachis_vigilans,0
Polyrhachis_wolfi,0
Polyrhachis_xiphias,0
Polyrhachis_ypsilon,0
Ponera_affinis,0
Ponera_alisana,0
Ponera_alpha,0
Ponera_bableti,0
Ponera_bawana,0
Ponera_chapmani,0
Ponera_coarctata,0
Ponera_contracta,0
Ponera_diodonta,0
Ponera_exotica,0
Ponera_incerta,0
Ponera_indica,0
Ponera_japonica,0
Ponera_kohmoku,0
Ponera_leae,0
Ponera_loi,0
Ponera_mocsaryi,0
Ponera_paedericera,0
Ponera_pennsylvanica,0
Ponera_pumila,0
Ponera_ruficornis,0
Ponera_scabra,0
Ponera_sysphinctoides,0
Ponera_szaboi,0
Ponera_taylori,0
Ponera_tenuis,0
Ponera_testacea,0
Ponera_woodwardi,0
Ponera_xantha,0
Prenolepis_angularis,0
Prenolepis_fisheri,0
Prenolepis_jacobsoni,0
Prenolepis_longiventris,0
Prenolepis_magnocula,0
Prenolepis_melanogaster,0
Prenolepis_naoroji,0
Prenolepis_nitens,0
Prenolepis_septemdenta,0
Prenolepis_sphingthoraxa,0
Prenolepis_umbra,0
Prionopelta_amabilis,0
Prionopelta_kraepelini,0
Prionopelta_punctulata,0
Pristomyrmex_brevispinosus,0
Pristomyrmex_cebuensis,0
Pristomyrmex_curvulus,0
Pristomyrmex_distinguendus,0
Pristomyrmex_erythropygus,0
Pristomyrmex_mandibularis,0
Pristomyrmex_sulcatus,0
Pristomyrmex_trispinosus,0
Pristomyrmex_tsujii,0
Pristomyrmex_wilsoni,0
Proatta_butteli,0
Probolomyrmex_brevirostris,0
Probolomyrmex_dammermani,0
Probolomyrmex_greavesi,0
Probolomyrmex_guanacastensis,0
Probolomyrmex_longinodus,0
Probolomyrmex_okinawensis,0
Probolomyrmex_petiolatus,0
Probolomyrmex_tani,0
Probolomyrmex_watanabei,0
Proceratium_avium,0
Proceratium_boltoni,0
Proceratium_brasiliense,0
Proceratium_californicum,0
Proceratium_crassicorne,0
Proceratium_deelemani,0
Proceratium_google,0
Proceratium_itoi,0
Proceratium_longmenense,0
Proceratium_melinum,0
Proceratium_morisitai,0
Proceratium_nujiangense,0
Proceratium_silaceum,0
Proceratium_stictum,0
Proceratium_watasei,0
Proceratium_williamsi,0
Proceratium_zhaoi,0
Procryptocerus_mayri,0
Procryptocerus_scabriusculus,0
Procryptocerus_striatus,0
Proformica_epinotalis,0
Proformica_ferreri,0
Proformica_jacoti,0
Proformica_kaszabi,0
Proformica_korbi,0
Proformica_longiseta,0
Proformica_mongolica,0
Proformica_nasuta,0
Proformica_ossetica,0
Proformica_pilosiscapa,0
Proformica_seraphimi,0
Prolasius_advenus,0
Prolasius_convexus,0
Prolasius_pallidus,0
Promyopias_silvestrii,0
Protanilla_bicolor,0
Protanilla_concolor,0
Protanilla_rafflesi,0
Protanilla_schoedli,0
Protanilla_wallacei,0
Protazteca_hendersoni,0
Psalidomyrmex_mabirensis,0
Psalidomyrmex_procerus,0
Pseudoatta_argentina,0
Pseudolasius_binghami,0
Pseudolasius_emeryi,0
Pseudolasius_familiaris,0
Pseudolasius_isabellae,0
Pseudolasius_machhediensis,0
Pseudolasius_silvestrii,0
Pseudomyrmex_apache,0
Pseudomyrmex_belti,0
Pseudomyrmex_brunneus,0
Pseudomyrmex_championi,0
Pseudomyrmex_cubaensis,0
Pseudomyrmex_decipiens,0
Pseudomyrmex_ejectus,0
Pseudomyrmex_elongatulus,0
Pseudomyrmex_elongatus,0
Pseudomyrmex_flavicornis,0
Pseudomyrmex_flavidulus,0
Pseudomyrmex_nigropilosus,0
Pseudomyrmex_pazosi,0
Pseudomyrmex_peperi,0
Pseudomyrmex_phyllophilus,0
Pseudomyrmex_salvini,0
Pseudomyrmex_satanicus,0
Pseudomyrmex_simplex,0
Pseudomyrmex_tenuis,0
Pseudomyrmex_unicolor,0
Pseudonotoncus_hirsutus,0
Ravavy_miafina,0
Recurvidris_browni,0
Recurvidris_glabriceps,0
Recurvidris_nigrans,0
Recurvidris_nuwa,0
Recurvidris_recurvispinosa,0
Rhopalomastix_omotoensis,0
Rhopalomastix_rothneyi,0
Rhopalothrix_ciliata,0
Rhopalothrix_diadema,0
Rhopalothrix_orbis,0
Rhopalothrix_plaumanni,0
Rhopalothrix_weberi,0
Rhoptromyrmex_melleus,0
Rhytidoponera_aciculata,0
Rhytidoponera_araneoides,0
Rhytidoponera_chalybaea,0
Rhytidoponera_confusa,0
Rhytidoponera_enigmatica,0
Rhytidoponera_impressa,0
Rhytidoponera_nodifera,0
Rhytidoponera_purpurea,0
Rhytidoponera_rufithorax,0
Rhytidoponera_taurus,0
Rhytidoponera_tyloxys,0
Rogeria_cuneola,0
Rogeria_curvipubens,0
Rogeria_inermis,0
Rogeria_stigmatica,0
Romblonella_heatwolei,0
Romblonella_liogaster,0
Rossomyrmex_anatolicus,0
Rossomyrmex_minuchae,0
Rossomyrmex_proformicarum,0
Rossomyrmex_quandratinodum,0
Sericomyrmex_amabilis,0
Sericomyrmex_aztecus,0
Sericomyrmex_luederwaldti,0
Sericomyrmex_opacus,0
Sericomyrmex_urichi,0
Sicilomyrmex_corniger,0
Simopelta_laticeps,0
Simopelta_minima,0
Simopelta_oculata,0
Simopelta_paeminosa,0
Simopelta_pentadentata,0
Simopelta_pergandei,0
Simopone_wilburi,0
Solenopsis_abdita,0
Solenopsis_altinodis,0
Solenopsis_azteca,0
Solenopsis_basalis,0
Solenopsis_corticalis,0
Solenopsis_daguerrei,0
Solenopsis_dysderces,0
Solenopsis_electra,0
Solenopsis_elhawagryi,0
Solenopsis_enigmatica,0
Solenopsis_gayi,0
Solenopsis_germaini,0
Solenopsis_gnoma,0
Solenopsis_helena,0
Solenopsis_ilinei,0
Solenopsis_interrupta,0
Solenopsis_juliae,0
Solenopsis_kochi,0
Solenopsis_krockowi,0
Solenopsis_laeviceps,0
Solenopsis_latastei,0
Solenopsis_latro,0
Solenopsis_leptanilloides,0
Solenopsis_maboya,0
Solenopsis_macdonaghi,0
Solenopsis_megergates,0
Solenopsis_molesta,0
Solenopsis_nitens,0
Solenopsis_occipitalis,0
Solenopsis_papuana,0
Solenopsis_parva,0
Solenopsis_patagonica,0
Solenopsis_phoretica,0
Solenopsis_picea,0
Solenopsis_pollux,0
Solenopsis_punctaticeps,0
Solenopsis_quinquecuspis,0
Solenopsis_saudiensis,0
Solenopsis_substituta,0
Solenopsis_subterranea,0
Solenopsis_sumara,0
Solenopsis_terricola,0
Solenopsis_tetracantha,0
Solenopsis_texana,0
Solenopsis_virulens,0
Solenopsis_wasmannii,0
Sphinctomyrmex_stali,0
Stegomyrmex_bensoni,0
Stegomyrmex_manni,0
Stegomyrmex_vizottoi,0
Stenamma_alas,0
Stenamma_brevicorne,0
Stenamma_debile,0
Stenamma_diecki,0
Stenamma_expolitum,0
Stenamma_impar,0
Stenamma_jhitingriense,0
Stenamma_kashmirense,0
Stenamma_nipponense,0
Stenamma_owstoni,0
Stenamma_petiolatum,0
Stenamma_punctiventre,0
Stenamma_sardoum,0
Stenamma_snellingi,0
Stenamma_striatulum,0
Stenamma_ussuriense,0
Stenamma_westwoodii,0
Stenamma_wilsoni,0
Stereomyrmex_horni,0
Stigmacros_foreli,0
Stigmatomma_awa,0
Stigmatomma_cleae,0
Stigmatomma_emeryi,0
Stigmatomma_gingivale,0
Stigmatomma_mystriops,0
Stigmatomma_pallipes,0
Streblognathus_aethiopicus,0
Streblognathus_peetersi,0
Strongylognathus_afer,0
Strongylognathus_alpinus,0
Strongylognathus_arnoldii,0
Strongylognathus_caeciliae,0
Strongylognathus_huberi,0
Strongylognathus_kervillei,0
Strongylognathus_kratochvili,0
Strongylognathus_pisarskii,0
Strongylognathus_silvestrii,0
Strongylognathus_testaceus,0
Strumigenys_acarai,0
Strumigenys_aduncomala,0
Strumigenys_aequinoctialis,0
Strumigenys_alessandrae,0
Strumigenys_angulata,0
Strumigenys_anthocera,0
Strumigenys_argiola,0
Strumigenys_assamensis,0
Strumigenys_azteca,0
Strumigenys_bartolozzii,0
Strumigenys_baudueri,0
Strumigenys_benten,0
Strumigenys_boneti,0
Strumigenys_buddhista,0
Strumigenys_buleru,0
Strumigenys_cacaoensis,0
Strumigenys_canina,0
Strumigenys_caniophanoides,0
Strumigenys_choii,0
Strumigenys_consanii,0
Strumigenys_cosmostela,0
Strumigenys_decollata,0
Strumigenys_ecliptacoca,0
Strumigenys_eggersi,0
Strumigenys_elongata,0
Strumigenys_emeryi,0
Strumigenys_emiliae,0
Strumigenys_emmae,0
Strumigenys_esrossi,0
Strumigenys_exiguaevitae,0
Strumigenys_formosensis,0
Strumigenys_godeffroyi,0
Strumigenys_gundlachi,0
Strumigenys_havilandi,0
Strumigenys_hexamera,0
Strumigenys_hindenburgi,0
Strumigenys_hindu,0
Strumigenys_hispida,0
Strumigenys_humata,0
Strumigenys_infidelis,0
Strumigenys_interfectiva,0
Strumigenys_kumadori,0
Strumigenys_lacacoca,0
Strumigenys_lacunosa,0
Strumigenys_lewisi,0
Strumigenys_lichiaensis,0
Strumigenys_liukueiensis,0
Strumigenys_longimala,0
Strumigenys_loriae,0
Strumigenys_louisianae,0
Strumigenys_ludia,0
Strumigenys_margaritae,0
Strumigenys_marginiventris,0
Strumigenys_maxillaris,0
Strumigenys_membranifera,0
Strumigenys_minutula,0
Strumigenys_mumfordi,0
Strumigenys_mutica,0
Strumigenys_nageli,0
Strumigenys_nanzanensis,0
Strumigenys_nepalensis,0
Strumigenys_nevermanni,0
Strumigenys_nubila,0
Strumigenys_onorei,0
Strumigenys_pallestes,0
Strumigenys_pariensis,0
Strumigenys_pergandei,0
Strumigenys_perplexa,0
Strumigenys_phytibia,0
Strumigenys_pilosa,0
Strumigenys_planeti,0
Strumigenys_precava,0
Strumigenys_rogeri,0
Strumigenys_rotogenys,0
Strumigenys_royi,0
Strumigenys_rufobrunea,0
Strumigenys_saliens,0
Strumigenys_silvestrii,0
Strumigenys_solifontis,0
Strumigenys_spathula,0
Strumigenys_subedentata,0
Strumigenys_tachirensis,0
Strumigenys_tenuipilis,0
Strumigenys_trada,0
Strumigenys_trieces,0
Strumigenys_uichancoi,0
Strumigenys_ursulus,0
Strumigenys_usbensis,0
Strumigenys_veddha,0
Strumigenys_waiwai,0
Strumigenys_wheeleriana,0
Strumigenys_wilsoniana,0
Strumigenys_xenos,0
Strumigenys_zakharovi,0
Talaridris_mandibularis,0
Tapinoma_aberrans,0
Tapinoma_antarcticum,0
Tapinoma_dimmocki,0
Tapinoma_geei,0
Tapinoma_himalaica,0
Tapinoma_indicum,0
Tapinoma_israele,0
Tapinoma_karavaievi,0
Tapinoma_kinburni,0
Tapinoma_luteum,0
Tapinoma_madeirense,0
Tapinoma_minor,0
Tapinoma_minutum,0
Tapinoma_panamense,0
Tapinoma_pygmaeum,0
Tapinoma_schreiberi,0
Tapinoma_simrothi,0
Tapinoma_subboreale,0
Tapinoma_wilsoni,0
Tatuidris_tatusia,0
Technomyrmex_antennus,0
Technomyrmex_bicolor,0
Technomyrmex_briani,0
Technomyrmex_brunneus,0
Technomyrmex_butteli,0
Technomyrmex_detorquens,0
Technomyrmex_difficilis,0
Technomyrmex_elatior,0
Technomyrmex_fulvus,0
Technomyrmex_jocosus,0
Technomyrmex_modiglianii,0
Technomyrmex_montaseri,0
Technomyrmex_sundaicus,0
Technomyrmex_vexatus,0
Technomyrmex_vitiensis,0
Technomyrmex_voeltzkowi,0
Technomyrmex_wheeleri,0
Temnothorax_affinis,0
Temnothorax_albipennis,0
Temnothorax_algiricus,0
Temnothorax_allardycei,0
Temnothorax_ambiguus,0
Temnothorax_andrei,0
Temnothorax_arenarius,0
Temnothorax_aveli,0
Temnothorax_bimbache,0
Temnothorax_blascoi,0
Temnothorax_bradleyi,0
Temnothorax_bulgaricus,0
Temnothorax_clypeatus,0
Temnothorax_corticalis,0
Temnothorax_cuneinodis,0
Temnothorax_curtulus,0
Temnothorax_duloticus,0
Temnothorax_exilis,0
Temnothorax_flavicornis,0
Temnothorax_graecus,0
Temnothorax_gredosi,0
Temnothorax_himachalensis,0
Temnothorax_interruptus,0
Temnothorax_italicus,0
Temnothorax_jailensis,0
Temnothorax_kashmirensis,0
Temnothorax_kraussei,0
Temnothorax_lichtensteini,0
Temnothorax_lindae,0
Temnothorax_luteus,0
Temnothorax_mariposa,0
Temnothorax_maryanae,0
Temnothorax_mekira,0
Temnothorax_melinus,0
Temnothorax_microreticulatus,0
Temnothorax_minutissimus,0
Temnothorax_mortoni,0
Temnothorax_nadigi,0
Temnothorax_nevadensis,0
Temnothorax_niger,0
Temnothorax_nigriceps,0
Temnothorax_nigritus,0
Temnothorax_nitens,0
Temnothorax_ocellatus,0
Temnothorax_pardoi,0
Temnothorax_parvulus,0
Temnothorax_pergandei,0
Temnothorax_pilagens,0
Temnothorax_rabaudi,0
Temnothorax_recedens,0
Temnothorax_rottenbergii,0
Temnothorax_rudis,0
Temnothorax_rugatulus,0
Temnothorax_saxonicus,0
Temnothorax_schmittii,0
Temnothorax_semenovi,0
Temnothorax_semiruber,0
Temnothorax_smithi,0
Temnothorax_sordidulus,0
Temnothorax_specularis,0
Temnothorax_striatulus,0
Temnothorax_terrigena,0
Temnothorax_texanus,0
Temnothorax_tuberum,0
Temnothorax_turcicus,0
Temnothorax_tyndalei,0
Temnothorax_wollastoni,0
Tetramorium_adamsi,0
Tetramorium_aegeum,0
Tetramorium_aherni,0
Tetramorium_akengense,0
Tetramorium_ala,0
Tetramorium_alpestre,0
Tetramorium_amalae,0
Tetramorium_ambanizana,0
Tetramorium_andohahela,0
Tetramorium_andrei,0
Tetramorium_argentirubrum,0
Tetramorium_armatum,0
Tetramorium_avaratra,0
Tetramorium_avium,0
Tetramorium_barryi,0
Tetramorium_bendai,0
Tetramorium_bessonii,0
Tetramorium_bevisi,0
Tetramorium_bicolorum,0
Tetramorium_biskrense,0
Tetramorium_boehmei,0
Tetramorium_boltoni,0
Tetramorium_brevicorne,0
Tetramorium_browni,0
Tetramorium_caldarium,0
Tetramorium_camerunense,0
Tetramorium_chefketi,0
Tetramorium_christiei,0
Tetramorium_debilis,0
Tetramorium_densopilosum,0
Tetramorium_depressiceps,0
Tetramorium_depressum,0
Tetramorium_diomedeum,0
Tetramorium_edouardi,0
Tetramorium_electrum,0
Tetramorium_elf,0
Tetramorium_erectum,0
Tetramorium_ericae,0
Tetramorium_exasperatum,0
Tetramorium_exile,0
Tetramorium_ferox,0
Tetramorium_flagellatum,0
Tetramorium_frigidum,0
Tetramorium_grassii,0
Tetramorium_guineense,0
Tetramorium_hasinae,0
Tetramorium_hippocratis,0
Tetramorium_hirsutum,0
Tetramorium_hungaricum,0
Tetramorium_impurum,0
Tetramorium_incruentatum,0
Tetramorium_indocile,0
Tetramorium_indosinense,0
Tetramorium_insolens,0
Tetramorium_intermedium,0
Tetramorium_isectum,0
Tetramorium_isoelectrum,0
Tetramorium_jacoti,0
Tetramorium_jedi,0
Tetramorium_kakamega,0
Tetramorium_kheperra,0
Tetramorium_kieti,0
Tetramorium_latinode,0
Tetramorium_latreillei,0
Tetramorium_lucayanum,0
Tetramorium_lucidulum,0
Tetramorium_lucyae,0
Tetramorium_mai,0
Tetramorium_manni,0
Tetramorium_marginatum,0
Tetramorium_marojejy,0
Tetramorium_melleum,0
Tetramorium_meridionale,0
Tetramorium_mkomazi,0
Tetramorium_moravicum,0
Tetramorium_mpala,0
Tetramorium_mutatum,0
Tetramorium_naganum,0
Tetramorium_nazgul,0
Tetramorium_nify,0
Tetramorium_nipponense,0
Tetramorium_noeli,0
Tetramorium_notomelanum,0
Tetramorium_pacificum,0
Tetramorium_pelagium,0
Tetramorium_philippwagneri,0
Tetramorium_pilosum,0
Tetramorium_pleganon,0
Tetramorium_polymorphum,0
Tetramorium_punicum,0
Tetramorium_renae,0
Tetramorium_robertsoni,0
Tetramorium_rubrum,0
Tetramorium_sabatra,0
Tetramorium_salwae,0
Tetramorium_saudicum,0
Tetramorium_schmidti,0
Tetramorium_securis,0
Tetramorium_sericeiventre,0
Tetramorium_setigerum,0
Tetramorium_shirlae,0
Tetramorium_signatum,0
Tetramorium_singletonae,0
Tetramorium_smaug,0
Tetramorium_snellingi,0
Tetramorium_spinosum,0
Tetramorium_squaminode,0
Tetramorium_striativentre,0
Tetramorium_sulcinode,0
Tetramorium_surrogatum,0
Tetramorium_susannae,0
Tetramorium_tabarum,0
Tetramorium_tanaense,0
Tetramorium_tenuicrine,0
Tetramorium_termitobium,0
Tetramorium_tonganum,0
Tetramorium_tortuosum,0
Tetramorium_triangulatum,0
Tetramorium_trirugosum,0
Tetramorium_voasary,0
Tetramorium_weitzeckeri,0
Tetraponera_aitkenii,0
Tetraponera_allaborans,0
Tetraponera_angustata,0
Tetraponera_anthracina,0
Tetraponera_attenuata,0
Tetraponera_binghami,0
Tetraponera_latifrons,0
Tetraponera_longinoda,0
Tetraponera_microcarpa,0
Tetraponera_natalensis,0
Tetraponera_nigra,0
Tetraponera_periyarensis,0
Tetraponera_pilosa,0
Tetraponera_punctulata,0
Tetraponera_rufonigra,0
Thaumatomyrmex_atrox,0
Thaumatomyrmex_bariay,0
Thaumatomyrmex_contumax,0
Thaumatomyrmex_ferox,0
Thaumatomyrmex_mandibularis,0
Thaumatomyrmex_mutilatus,0
Thaumatomyrmex_nageli,0
Thaumatomyrmex_paludis,0
Thaumatomyrmex_soesilae,0
Trachymyrmex_arizonensis,0
Trachymyrmex_atlanticus,0
Trachymyrmex_bugnioni,0
Trachymyrmex_carinatus,0
Trachymyrmex_compactus,0
Trachymyrmex_cornetzi,0
Trachymyrmex_dichrous,0
Trachymyrmex_haytianus,0
Trachymyrmex_holmgreni,0
Trachymyrmex_iheringi,0
Trachymyrmex_isthmicus,0
Trachymyrmex_ixyodus,0
Trachymyrmex_jamaicensis,0
Trachymyrmex_kempfi,0
Trachymyrmex_nogalensis,0
Trachymyrmex_relictus,0
Trachymyrmex_ruthae,0
Trachymyrmex_sharpii,0
Trachymyrmex_smithi,0
Trachymyrmex_turrifex,0
Trachymyrmex_zeteki,0
Tranopelta_amblyops,0
Tranopelta_gilva,0
Tranopelta_heyeri,0
Tranopelta_subterranea,0
Tropidomyrmex_elianae,0
Turneria_frenchi,0
Typhlomyrmex_bruchi,0
Typhlomyrmex_meire,0
Typhlomyrmex_prolatus,0
Typhlomyrmex_rogenhoferi,0
Tyrannomyrmex_legatus,0
Tyrannomyrmex_rex,0
Veromessor_lobognathus,0
Veromessor_smithi,0
Vollenhovia_amamiana,0
Vollenhovia_benzai,0
Vollenhovia_brevicornis,0
Vollenhovia_emeryi,0
Vollenhovia_escherichi,0
Vollenhovia_gastropunctata,0
Vollenhovia_kaselela,0
Vollenhovia_lucimandibula,0
Vollenhovia_nipponica,0
Vollenhovia_novobritainae,0
Vollenhovia_oblonga,0
Vollenhovia_okinawana,0
Vollenhovia_pwidikidika,0
Vollenhovia_pyrrhoria,0
Vollenhovia_sakishimana,0
Vollenhovia_samoensis,0
Vollenhovia_yambaru,0
Vombisidris_jacobsoni,0
Vombisidris_occidua,0
Vombisidris_philippina,0
Wasmannia_rochai,0
Wasmannia_sulcaticeps,0
Wasmannia_villosa,0
Wasmannia_williamsoni,0
Xenomyrmex_floridanus,0
Yavnella_argamani,0
Yavnella_indica,0
Zatania_albimaculata,0
Zatania_cisipa,0
Zatania_gibberosa,0
Zatania_gloriosa,0
Zatania_karstica,0